equipment_id,equipment_eq_id,equipment_name,department,wo_id,date_notified,urgency,problem,status,material_cost,labor_time,work_performed_by,assigned_to,downtime_hours,completed_datetime,comments,attachments
752,EQ ID 752,General Maintenance ( MISC. ),Facilites,20044,07/07/2026,6. General Maint,The ice machine in the lunch room is making lots of sqeeky noises.,Closed Without Action,0,0,N/A,Maintenance,0,07/07/2026 12:00 AM,,[]
5203,EQ ID 5203,General Maintenance ( OFFICE ),Facilites,10800,03/21/2024,6. General Maint,"One of the cabinets we recently purchased for supplies in the office will not open the top two drawers, the bottom drawer will open but it must not be shutting fully and the other two drawers seem to be locked out.  Possibly crooked not allowing the bottom drawer to shut proper.  It is the cabinet on the left.",Closed and Completed,0,0.25,Kyle,Maintenance,0,04/09/2024 01:30 PM,,[]
5018,EQ ID 5018,Front Office Mens Room,Facilites,19349,05/08/2026,6. General Maint,Water is leaking from the urinal,Closed and Completed,0,0,Jake,Maintenance,0,05/11/2026 12:00 AM,Jake Demers - 05/11/26  4:44:45 AM: Bleeder hole was plugged,[]
1764,EQ ID 1764,Tumbler,Grab Bars,7065,08/30/2023,1. Prod Stopped,Belt broke on tumbler,Closed and Completed,0,0,"Matt M, Jake D",Supervisor,0,08/30/2023 12:00 AM,Matt Miller - 08/30/23  7:33:08 AM: Replaced Belt,[]
1756,EQ ID 1756,Line 4 Coping Machine/Bader,Grab Bars,18880,03/25/2026,1. Prod Stopped,"Someone tied up the power drop out of reach to shorter people.
Please have it moved to above the machine and within reach as to accommodate LOTO rules for the plug.",Closed and Completed,0,0,Jake D,Maintenance,0,03/25/2026 12:00 AM,,[]
5307,EQ ID 5307,Line 1 Bender - Transfluid,Grab Bars,13335,10/11/2024,"3. Prod Affected, Not Stopped","The screens on the bender and rotary trim machines keep going blank, and the operators have had to use a chip and a mouse to change programs manually. Could we reach out to TransFluid to investigate why this issue is occurring?",Closed and Completed,3500,1,Jake,Supervisor,0,11/07/2024 12:00 AM,Jake Demers - 01/15/25  3:39:29 AM: Contacted vender to order new belt | Jake Demers - 10/29/24  4:21:43 AM: New screens have been ordered | Jake Demers - 10/14/24  2:53:30 AM: Contacted Transfluid to get a quote on 2 new ones and have these repaired to be spares,[]
5307,EQ ID 5307,Line 1 Bender - Transfluid,Grab Bars,14380,01/16/2025,1. Prod Stopped,Pressure assist hydraulic fitting broke,Closed and Completed,0,0,Jake D,Maintenance,8,01/17/2025 12:00 AM,Jake Demers - 01/16/25  5:40:12 AM: CAT ordered the part for us they will be the fastest to get it in. Expected to be here first thing in the morning,[]
5307,EQ ID 5307,Line 1 Bender - Transfluid,Grab Bars,14765,02/20/2025,"5. Prod Ongoing, Maint Required",The bender on line 1 is leaking hydraulic fluid,Closed and Completed,0,0,Jake,Supervisor,0,02/20/2025 12:00 AM,Jake Demers - 02/20/25  5:43:37 AM: Replaced broken fitting,[]
5307,EQ ID 5307,Line 1 Bender - Transfluid,Grab Bars,15267,04/03/2025,"3. Prod Affected, Not Stopped",Line 1 bender keeps shutting down and it takes 30 seconds to 1 minute to restart. This has been an ongoing issue for months.,Closed Without Action,0,0,Jake,Supervisor,0,04/02/2025 12:00 AM,Jake Demers - 04/07/25  8:30:12 AM: Duplicate work order,[]
5307,EQ ID 5307,Line 1 Bender - Transfluid,Grab Bars,14622,02/11/2025,"3. Prod Affected, Not Stopped","After you make the first bend, the second bend can not be completed right away. There is a pause of 5-7 seconds before you can completed the second bend.",Closed and Completed,800,0.5,Jake,Supervisor,0,04/04/2025 12:00 AM,,[]
5307,EQ ID 5307,Line 1 Bender - Transfluid,Grab Bars,15678,05/08/2025,"3. Prod Affected, Not Stopped",Bender on line 1 keep stopping during bend cycle. Operator has to wait 30 sec. to 1 minute to reset machine. This has happened between 25-30 times today.,Closed Without Action,0,0,Jake,Supervisor,0,05/08/2025 12:00 AM,Jake Demers - 05/08/25 10:05:45 AM: Multiple work orders for same issue,[]
5307,EQ ID 5307,Line 1 Bender - Transfluid,Grab Bars,15550,04/30/2025,"3. Prod Affected, Not Stopped",Line 1 bender clamps bar but will not bend. Operator has to reset bender. That has happened around 10-15 times today. Operator just reported that the bender just bent one side of the bar and stopped. He can not get it to return to home position.,Closed and Completed,0,0,"Jake, Mike N",Supervisor,0,07/22/2025 12:00 AM,Jake Demers - 07/23/25 12:51:41 PM: Safety relay has a timer that needs to see buttons at the same time to work. This machine needs to see the buttons released at the same time as well. The 2 operators having the issue leave their finger in the one beam causing it to trip . If not it trips the safety relay and it needs time to reset which is causing it to go slower. | Jake Demers - 06/19/25 11:55:59 AM: Safety Relay is on order,[]
5307,EQ ID 5307,Line 1 Bender - Transfluid,Grab Bars,18925,03/31/2026,"3. Prod Affected, Not Stopped","A cylinder or valve is losing pressure after sitting for a while. The bender could be working fine before lunch, but when they return, the bender has lost clamp pressure.",Closed and Completed,0,0,Jake D,Supervisor,0,04/10/2026 12:00 AM,,[]
1981,EQ ID 1981,Line 3 Bender - Transfluid,Grab Bars,12356,07/11/2024,1. Prod Stopped,"Hydraulic line in nose is cracked and spraying oil.
Locked out bender",Closed and Completed,100,2,Jake,Maintenance,0,07/12/2024 12:00 AM,,[]
5022,EQ ID 5022,Line 2 Bender - Transfluid,Grab Bars,4864,03/17/2023,1. Prod Stopped,Mandrel actuator Rods,Closed and Completed,0,0,Daryl,Supervisor,0.25,03/17/2023 12:00 AM,,[]
5022,EQ ID 5022,Line 2 Bender - Transfluid,Grab Bars,10934,04/04/2024,2. General Maint - High Priority,The Bender and Rotary trim on Line 1 need to be moved 1FT. closer to the south side wall. There is not enough space to walk between the bender swing arm and the shrink machine.,Closed Without Action,0,0,Jake,Supervisor,0,07/10/2024 12:00 AM,Jake Demers - 07/10/24 11:19:17 AM: layout will be changing,[]
5022,EQ ID 5022,Line 2 Bender - Transfluid,Grab Bars,12873,08/27/2024,1. Prod Stopped,Siemens Power supply arced and blew,Closed and Completed,405,0,Jake,Maintenance,0,08/28/2024 12:00 AM,,[]
5311,EQ ID 5311,Toyota Walkie Stacker Forklift (Grab Bars),Grab Bars,11578,05/08/2024,2. General Maint - High Priority,Tube Mill Operators notified the lift was plugged in for hours but not charging. Cables were getting hot enough to melt electrical tape adhesive on charger cable. Battery is also hot to the touch and acid is coming out of the cells. Operators have been notified to stop use of that lift until it can be looked at.,Closed Without Action,0,0,Jake D,M/E,0,05/08/2024 12:00 AM,Jake Demers - 05/20/24  5:01:30 AM: Lift was plugged 2 times within 1 minute which causes it to detect a 36V rather than a 24V,[]
5309,EQ ID 5309,Line 1 Robotic Flange Welder - Lincoln Electric,Grab Bars,12426,07/17/2024,1. Prod Stopped,Control unit not functioning properly on welder,Closed and Completed,6500,1,"Jake, Matt",Maintenance,16,07/19/2024 12:00 AM,,[]
5309,EQ ID 5309,Line 1 Robotic Flange Welder - Lincoln Electric,Grab Bars,14451,01/22/2025,1. Prod Stopped,Power supply board fried. Ordered a new one overnighted in hopes this is the only issue,Closed and Completed,1500,3,"Jake, Mike N",Maintenance,0,01/23/2025 12:00 AM,,[]
5309,EQ ID 5309,Line 1 Robotic Flange Welder - Lincoln Electric,Grab Bars,14485,01/28/2025,1. Prod Stopped,"As soon as you put the flanges on the pins, the door automatically goes up with pushing the button.",Closed and Completed,0,0,"Jake, Mike N",Supervisor,0,01/28/2025 12:00 AM,"Jake Demers - 01/31/25  4:41:27 AM: Start button was broke from an operator using a bar to push the button. it was stuck in the on position making it start when the sensor comes on

We put a new optotouch button in to make it upgraded like the others",[]
5309,EQ ID 5309,Line 1 Robotic Flange Welder - Lincoln Electric,Grab Bars,14662,02/13/2025,"3. Prod Affected, Not Stopped",50% of the time the welder will not start when the door goes up and the button needs to be pushed a second time. The operators were told that the clamps come down too hard and the flange bounces. Is there a way to fix this issue as it is slowing down production.,Closed Without Action,0,0,Jake,Supervisor,0,05/01/2025 12:00 AM,Jake Demers - 05/05/25  6:57:41 AM: Adjusted speed of clamps . no longer an issue,[]
1985,EQ ID 1985,Line 2 Robotic Flange Welder - Lincoln Electric,Grab Bars,11007,04/09/2024,1. Prod Stopped,Weld cooler stopped working,Closed and Completed,0,0,Jake,Maintenance,2,04/09/2024 12:00 AM,,[]
1985,EQ ID 1985,Line 2 Robotic Flange Welder - Lincoln Electric,Grab Bars,11430,04/24/2024,1. Prod Stopped,Fiberoptic Cable is bad,Closed and Completed,0,0,Jake D,Maintenance,0,04/26/2024 12:00 AM,,[]
1765,EQ ID 1765,Line 5 Robotic Flange Welder - Lincoln Electric,Grab Bars,11021,04/09/2024,2. General Maint - High Priority,Weld cooler keeps shutting off,Closed and Completed,0,0,Jake,Maintenance,6,04/16/2024 12:00 AM,,[]
1765,EQ ID 1765,Line 5 Robotic Flange Welder - Lincoln Electric,Grab Bars,11394,04/22/2024,1. Prod Stopped,The welder on the back cell stopped working,Closed and Completed,0,0,Jake D,Supervisor,0,04/23/2024 12:00 AM,,[]
1765,EQ ID 1765,Line 5 Robotic Flange Welder - Lincoln Electric,Grab Bars,14724,02/18/2025,1. Prod Stopped,"The ""A"" side on the welder has stopped working.",Closed and Completed,0,0,Jake,Supervisor,0,02/18/2025 12:00 AM,Jake Demers - 02/20/25  5:43:06 AM: Operator adjusted points wrong making the circle way off. Redid the points and is working properly,[]
1638,EQ ID 1638,Line 3.5 Robotic Flange Welder - Lincoln Electric,Grab Bars,1405,05/17/2022,"3. Prod Affected, Not Stopped",Clamps on 3.5 welder need to be manually applied in order for the flange to stay on during the welding process.,Closed and Completed,0,0.25,MN & JD,Supervisor,0,05/18/2022 12:00 AM,,[]
1638,EQ ID 1638,Line 3.5 Robotic Flange Welder - Lincoln Electric,Grab Bars,1472,05/24/2022,1. Prod Stopped,Flange welder stops half way around the flange,Closed and Completed,0,0.1,MN,Supervisor,0,05/24/2022 10:00 AM,,[]
1638,EQ ID 1638,Line 3.5 Robotic Flange Welder - Lincoln Electric,Grab Bars,1641,06/10/2022,1. Prod Stopped,One side will not weld,Closed and Completed,0,0,MN,Supervisor,0.05,06/10/2022 12:00 AM,,[]
1638,EQ ID 1638,Line 3.5 Robotic Flange Welder - Lincoln Electric,Grab Bars,11900,05/31/2024,"3. Prod Affected, Not Stopped","The clamps on the welder are not working correctly. The blocks need to be drilled out for pins. This welder is not working as it should the the operators are insisting that it is affecting their efficiency numbers. They are saying that they could do 60-80 more bars a day if they could just put the bar in, put the flanges on and push the button.",Closed and Completed,0,0,Matt M,Supervisor,0,07/10/2024 12:00 AM,,[]
1638,EQ ID 1638,Line 3.5 Robotic Flange Welder - Lincoln Electric,Grab Bars,15226,04/01/2025,"3. Prod Affected, Not Stopped",Welder keeps freezing up and needs to be rebooted.,Closed and Completed,300,0,Jake,Supervisor,0,04/07/2025 12:00 AM,Jake Demers - 04/07/25  8:29:40 AM: Shut off switch lost power to leg 2,[]
5308,EQ ID 5308,Line 1 Rotary Trim Saw - Transfluid,Grab Bars,11359,04/18/2024,1. Prod Stopped,Machine has an error that wont reset. Transfluid has not seen this issue before but is looking into it and will get back to me tomorrow,Closed and Completed,0,0,Jake,Maintenance,0,04/19/2024 12:00 AM,Jake Demers - 04/19/24  5:48:57 AM: E stop internally was malfunctioning,[]
5308,EQ ID 5308,Line 1 Rotary Trim Saw - Transfluid,Grab Bars,12434,07/17/2024,1. Prod Stopped,Machine ESTOP wont reset,Closed and Completed,0,4,"Jake, Transfluid",Maintenance,7,07/17/2024 12:00 AM,Jake Demers - 07/17/24 10:55:36 AM: Contacted trainsfluid found out there were only 16V going to contact. Started working with 24V after a while with neither side doing anything to the machine,[]
5308,EQ ID 5308,Line 1 Rotary Trim Saw - Transfluid,Grab Bars,13481,10/21/2024,4. Prod Continuing but Affected Equipment stopped,Machine kept shutting down saying right push button malfunction,Closed and Completed,20,0.25,Jake,Maintenance,0.25,10/21/2024 12:00 AM,Jake Demers - 10/21/24  4:57:17 AM: Changed contacts on right push button,[]
5308,EQ ID 5308,Line 1 Rotary Trim Saw - Transfluid,Grab Bars,15946,06/03/2025,"3. Prod Affected, Not Stopped",Sensor is not reading the ejected piece.,Closed Without Action,0,0,Jake,Supervisor,0,06/19/2025 12:00 AM,"Jake Demers - 06/19/25 11:55:21 AM: Sensor was dirty, Seems to be operating properly now",[]
5308,EQ ID 5308,Line 1 Rotary Trim Saw - Transfluid,Grab Bars,16157,06/19/2025,"3. Prod Affected, Not Stopped","The rotary trim on line 1 is chewing up the blades. They are changing the blade once a day; where in the past, a blade would last up to four weeks. This rotary trim is the newest in the shop and seams to have the most issues. Can we schedule a time to have this machine gone though to see if there is anything out of place or broke inside the machine.",Closed and Completed,0,6,Jake,Supervisor,0,07/11/2025 12:00 AM,"Jake Demers - 07/23/25 12:48:19 PM: Replaced bearings. Moved them back to prevent this from happening again. Also found the pullies were misaligned from the factory , readjusted them as well | Jake Demers - 07/09/25  1:58:20 AM: I spoke with Mike O about this. I will need a full day to do repairs and go through the machine. The machine is still operating without further damage being done. We are planning a time to do repairs",[]
5308,EQ ID 5308,Line 1 Rotary Trim Saw - Transfluid,Grab Bars,16910,09/03/2025,1. Prod Stopped,"The interlock pin for the door snapped in half and the relay, along with the metal housing containing the relay components snapped off the interior wall of the trimmer.",Closed and Completed,0,2,Jake,Maintenance,2,09/04/2025 12:00 AM,"Jake Demers - 09/04/25  4:52:36 AM: Replaced switch, Reattached mounting bracket","[{""name"": ""1000004483.jpg"", ""url"": ""https://circaweb.bobrick.com/PME/Forms/DownloadAttachment/818?guid=262d8602-cc14-43be-b891-6fed50f19b68""}, {""name"": ""1000004487.jpg"", ""url"": ""https://circaweb.bobrick.com/PME/Forms/DownloadAttachment/819?guid=262d8602-cc14-43be-b891-6fed50f19b68""}, {""name"": ""1000004486.jpg"", ""url"": ""https://circaweb.bobrick.com/PME/Forms/DownloadAttachment/820?guid=262d8602-cc14-43be-b891-6fed50f19b68""}, {""name"": ""1000004484.jpg"", ""url"": ""https://circaweb.bobrick.com/PME/Forms/DownloadAttachment/821?guid=262d8602-cc14-43be-b891-6fed50f19b68""}, {""name"": ""1000004485.jpg"", ""url"": ""https://circaweb.bobrick.com/PME/Forms/DownloadAttachment/822?guid=262d8602-cc14-43be-b891-6fed50f19b68""}]"
5308,EQ ID 5308,Line 1 Rotary Trim Saw - Transfluid,Grab Bars,17649,11/12/2025,2. General Maint - High Priority,"The flanges are not fitting properly onto the bars at the welder, and employees are currently having to hit the flanges on by hand to make them fit. Could you please take another look at the machine to determine the cause of the issue and recommend a fix?

Additionally, since the rotary trim machine is scheduled to be sent to TransFluid next month, could they also review this machine while it’s there to ensure everything is functioning correctly before it returns?",Closed and Completed,0,0,Jake,Supervisor,0,12/03/2025 12:00 AM,Jake Demers - 12/15/25 12:20:36 PM: Jaws were worn out,[]
1922,EQ ID 1922,Line 2 Rotary Trim Saw -Transfluid,Grab Bars,8172,11/28/2023,1. Prod Stopped,"The door will not lock shut. It is wobbling, almost as if a wheel is not attached.",Closed and Completed,0,0,Matt M,Supervisor,0,11/29/2023 01:30 AM,,[]
1922,EQ ID 1922,Line 2 Rotary Trim Saw -Transfluid,Grab Bars,10249,02/07/2024,"3. Prod Affected, Not Stopped",Oil lines on rotary trim keep popping off. Not getting any oil to the blade.,Closed and Completed,0,0,Matt M,Supervisor,0,07/10/2024 12:00 AM,Matt Miller - 07/10/24 11:22:02 AM: Oil does not have much affect on cutting,[]
1922,EQ ID 1922,Line 2 Rotary Trim Saw -Transfluid,Grab Bars,13867,11/20/2024,1. Prod Stopped,Check the shaft on the ejector. Ejector is not coming back. Production stopped,Closed and Completed,0,0.25,Jake,Supervisor,0,11/20/2024 12:00 AM,Jake Demers - 11/20/24  8:56:11 AM: Threads of rod backed out of cylinder causing it to not be connected to machine to think its in position,[]
1922,EQ ID 1922,Line 2 Rotary Trim Saw -Transfluid,Grab Bars,14412,01/20/2025,"3. Prod Affected, Not Stopped","Door track is worn causing the roller to come out and the door falls into machine when opening. 

Parts have been ordered",Closed and Completed,0,0,Jake D,Maintenance,0,02/13/2025 12:00 AM,,[]
1922,EQ ID 1922,Line 2 Rotary Trim Saw -Transfluid,Grab Bars,15763,05/16/2025,"5. Prod Ongoing, Maint Required","The oilers on all Rotary Trim machines have stopped functioning. As a result, the blades are running without proper lubrication, which is causing excessive wear and leading to a higher-than-normal consumption rate.",Closed and Completed,0,0,Jake,Supervisor,0,07/01/2025 12:00 AM,Jake Demers - 07/23/25 12:49:01 PM: Fixed oilers on SRMs,[]
2134,EQ ID 2134,Line 3.5 Rotary Trim Saw - Transfluid,Grab Bars,10438,02/19/2024,"3. Prod Affected, Not Stopped",The trim saw on 3.5 keeps freezing up and they have to shut it down and manually restart the machine. It has happened 6 times in the first 2 1/2 hours this morning.,Closed Without Action,0,0,Jake,Supervisor,0,02/19/2024 12:00 AM,Jake Demers - 02/20/24  2:39:22 AM: 2 work orders for same issue open,[]
2134,EQ ID 2134,Line 3.5 Rotary Trim Saw - Transfluid,Grab Bars,10439,02/19/2024,"3. Prod Affected, Not Stopped",The trim saw on 3.5 keeps freezing up and the operator has to manually shut it down and restart.  It has happened (6) times already this morning.,Closed Without Action,0,0,Jake D,Supervisor,0,03/15/2024 12:00 AM,Jake Demers - 03/15/24  4:10:28 AM: Was currently working with Transfluid and issue stopped without doing anything ( Believe it was a communication issue),[]
2134,EQ ID 2134,Line 3.5 Rotary Trim Saw - Transfluid,Grab Bars,10115,01/26/2024,"5. Prod Ongoing, Maint Required",Oil reservoir on rotary trim is leaking.,Closed and Completed,0,0,Matt M,Supervisor,0,07/10/2024 12:00 AM,,[]
2134,EQ ID 2134,Line 3.5 Rotary Trim Saw - Transfluid,Grab Bars,16039,06/10/2025,"3. Prod Affected, Not Stopped",Trimmer keeps leaving cut ends attached to the bar.,Closed and Completed,1500,8,Jake,Supervisor,24,06/16/2025 12:00 AM,,[]
1982,EQ ID 1982,Line 3.5 Bender - Transfluid,Grab Bars,6607,07/26/2023,1. Prod Stopped,Cut in bender hose. Leaking/spraying oil,Closed and Completed,0,2,"Jake D, Mike N",Supervisor,0,07/26/2023 12:00 AM,Jake Demers - 07/27/23  5:51:44 AM: Replaced hydraulic hose,[]
1982,EQ ID 1982,Line 3.5 Bender - Transfluid,Grab Bars,19668,06/02/2026,1. Prod Stopped,"Operator clamped up the bender while the mandrel was extended away from the clamps which snapped all rods that hold mandrel on (operator cleaned it and forgot to reset it)

Rods have been replaced and bender is fully set up to operate",Closed and Completed,400,2,Jake D,Maintenance,1,06/02/2026 12:00 AM,"Jake Demers - 06/02/26  1:16:29 PM: Operator clamped up the bender while the mandrel was extended away from the clamps which snapped all rods that hold mandrel on (operator cleaned it and forgot to reset it)

Rods have been replaced and bender is fully set up to operate",[]
5204,EQ ID 5204,General Maintenance ( GRAB BARS ),Grab Bars,12980,09/06/2024,"5. Prod Ongoing, Maint Required",Line 2 The handle when closing the door will pinch your hand trimmer machine,Closed and Completed,0,0,,Maintenance,0,09/12/2024 12:00 AM,Matt Miller - 09/12/24  3:21:37 AM: Found leak in vacuum hose,[]
5204,EQ ID 5204,General Maintenance ( GRAB BARS ),Grab Bars,12979,09/06/2024,"5. Prod Ongoing, Maint Required","Line 1 new machine– have to push buttons in poor ergonomics, on other machines were updated the bender and the trimmer buttons to the touch sensor. Can this happen to the new machine as well?",Closed and Completed,200,1,Jake,Maintenance,0,11/01/2024 12:00 AM,"Jake Demers - 11/04/24  3:53:08 AM: All buttons have been changed over | Jake Demers - 10/29/24  4:22:27 AM: buttons have been ordered to replace line 3.5 SRM, line 1 bender, line 1 SRM | Jake Demers - 10/14/24  2:54:32 AM: Contacted Transfluid to see what has to be done to change this over. The Programming of the new machines is different from the old ones | Jake Demers - 10/14/24  2:52:37 AM: Contacted Transfluid to get a quote on 2 new ones and have these repaired to be spares",[]
5204,EQ ID 5204,General Maintenance ( GRAB BARS ),Grab Bars,14578,02/05/2025,2. General Maint - High Priority,Hot water line ball valve leaking while off also hose end shut off leaking both need replacement.,Closed and Completed,0,0,Matt M,Maintenance,0,02/07/2025 12:00 AM,Matt Miller - 02/10/25 11:13:02 AM: Replaced ball valves,[]
5204,EQ ID 5204,General Maintenance ( GRAB BARS ),Grab Bars,16114,06/17/2025,6. General Maint,Hot water heater stopped working,Closed and Completed,0,0,"Jake D, Matt M",Maintenance,0,06/27/2025 12:00 AM,"Matt Miller - 06/18/25 12:02:09 PM: Ordered replacement hot water heater, should be here early next week.",[]
5204,EQ ID 5204,General Maintenance ( GRAB BARS ),Grab Bars,17602,11/06/2025,4. Prod Continuing but Affected Equipment stopped,The bar sealer between Line 1 and Line 3.5 (Gamco) was having issues sealing the plastic around the bars. It would not seal and cut through the plastic enough for the bar to be sent through the oven to shrink the plastic further. Attempts were made to adjust the sealers sit time which did help but changing the rate from 0.8 secs to 2.75 secs worked but is not adequate. We believe there is residual plastic stuck to the blade and needs to be removed or there is something with the teflon tape.,Closed and Completed,0,0,Nick,Maintenance,0,10/02/2025 12:00 AM,,[]
5204,EQ ID 5204,General Maintenance ( GRAB BARS ),Grab Bars,19054,04/10/2026,2. General Maint - High Priority,The tape machine on line 1 will not turn on this morning.,Closed and Completed,0,0,Jake D,Supervisor,0,04/10/2026 12:00 AM,Matt Miller - 04/16/26  3:13:05 AM: Ordering new shaft and bearings,[]
2115,EQ ID 2115,Line 4 Intermediate Post Machine (ACA),Grab Bars,1749,06/22/2022,1. Prod Stopped,Production is stopped. Placing the standoff crooked in the bar. Chris B needs help trouble shooting,Closed and Completed,0,0,Chris B. & Mike N.,Maintenance,4,06/22/2022 12:00 AM,,[]
2115,EQ ID 2115,Line 4 Intermediate Post Machine (ACA),Grab Bars,1462,05/23/2022,"3. Prod Affected, Not Stopped",The thin cover protecting the ball screw has ripped off the machine. This cover prevents chips from getting inside the machine.,Closed and Completed,0,1,"Mike N, Chris B",Supervisor,0,08/09/2022 12:00 AM,,[]
2115,EQ ID 2115,Line 4 Intermediate Post Machine (ACA),Grab Bars,7756,10/23/2023,"3. Prod Affected, Not Stopped",Weld head is loose,Closed and Completed,0,0,Jake D,Supervisor,0,07/10/2024 12:00 AM,,[]
2115,EQ ID 2115,Line 4 Intermediate Post Machine (ACA),Grab Bars,15167,03/26/2025,1. Prod Stopped,Intermediate Post machine is down. See Mike F.,Closed and Completed,0,0,"Jake, Mike N, Mike F",Supervisor,1,03/26/2025 12:00 AM,"Jake Demers - 03/26/25 12:36:46 PM: Threads were stripped from operators using pipe wrench to tighten which is way too tight.

Servo kept tripping due to debris being in the screw not allowing the X axis to move easily. Operator cleaned and is working properly",[]
2115,EQ ID 2115,Line 4 Intermediate Post Machine (ACA),Grab Bars,15509,04/28/2025,"3. Prod Affected, Not Stopped","Servo error fault keeps happening. Machine has to be shut down and restarted. After a few bars, the fault happens again.",Closed and Completed,0,0,Jake,Supervisor,0,05/01/2025 12:00 AM,Jake Demers - 05/05/25  6:56:46 AM: Debris buildup in the track,[]
5028,EQ ID 5028,Grab Bar Post Finishing Machine (Intec),Grab Bars,14359,01/14/2025,2. General Maint - High Priority,Drive belt on finishing wheel fraying,Closed Without Action,0,0,Jake,Maintenance,0,01/17/2025 12:00 AM,Jake Demers - 01/27/25  3:39:25 AM: Belt is still good to keep running. We have a new belt on hand when needed | Jake Demers - 01/15/25  3:38:11 AM: Contacted vender to order new belt,[]
2008,EQ ID 2008,Line 5 Automated Grab Bar Cell - Bend Trim,Grab Bars,20279,08/06/2026,2. General Maint - High Priority,Springs on handling one need to be replaced.,Pending,0,0,,Supervisor,0,,Jake Demers - 08/20/26 12:36:23 PM: Waiting for quote on parts. Will order when i get the quote back,[]
2008,EQ ID 2008,Line 5 Automated Grab Bar Cell - Bend Trim,Grab Bars,5802,05/26/2023,"3. Prod Affected, Not Stopped","The cell is experiencing continuous shutdown when running 48"" bars for two main reasons: contact stopper and joint collusion",Closed Without Action,0,0,Jake V,Supervisor,0,05/26/2023 12:00 AM,Jake Demers - 05/26/23  9:16:54 AM: Ball segments were bad. Operator said they had contact stopper issue on a couple but is working fine now so maybe a little warpage bars being there 48s,[]
2008,EQ ID 2008,Line 5 Automated Grab Bar Cell - Bend Trim,Grab Bars,7068,08/30/2023,"3. Prod Affected, Not Stopped",Rotary Trim is denting bars and not trimming ends off,Closed and Completed,0,0,Jake,Supervisor,0,10/13/2023 12:00 AM,Matt Miller - 10/16/23  5:53:43 AM: Tooling has been changed | Jake Demers - 08/30/23  8:47:19 AM: Tooling on the trim saw needs replacing. Waiting for new tooling to come in ( Expected 10/31) Trying to expedite,[]
2008,EQ ID 2008,Line 5 Automated Grab Bar Cell - Bend Trim,Grab Bars,10290,02/07/2024,1. Prod Stopped,Hydraulic line leaking,Closed and Completed,70,2,Jake D,Maintenance,2,02/07/2024 12:00 AM,,[]
2008,EQ ID 2008,Line 5 Automated Grab Bar Cell - Bend Trim,Grab Bars,10473,02/21/2024,1. Prod Stopped,Grab Bar cell down due to Servo Alarm on Handling 2 that I cannot reset. Contacted Transfluid in hopes they can remote in tonight,Closed and Completed,0,1,Jake,Maintenance,8,02/23/2024 12:00 AM,,[]
2008,EQ ID 2008,Line 5 Automated Grab Bar Cell - Bend Trim,Grab Bars,11461,04/30/2024,"3. Prod Affected, Not Stopped","Trim is not dispensing into the bin and the cell continuously shuts down. Since the pendant still isn't working, the operator has to walk around the cell to reset the machine. We are losing more than 100 bars a day by having to reset the machine.",Closed and Completed,0,0,Jake D,Supervisor,0,05/01/2024 12:00 AM,Jake Demers - 05/20/24  5:02:33 AM: Jaws were worn causing the bar to move and cut uneven,[]
2008,EQ ID 2008,Line 5 Automated Grab Bar Cell - Bend Trim,Grab Bars,11554,05/07/2024,2. General Maint - High Priority,The rotary trim on the back cell is going through blades like crazy. We have gone through (7) blades since last Thursday. Please take a look at the machine A.S.A.P.,Closed and Completed,0,1,Jake,Supervisor,1,05/08/2024 12:00 AM,Jake Demers - 06/07/24 10:32:10 AM: Jaws needed to be milled down,[]
2008,EQ ID 2008,Line 5 Automated Grab Bar Cell - Bend Trim,Grab Bars,10605,03/04/2024,"3. Prod Affected, Not Stopped",The pendant needs to be programmed for the automated cell. The new pendant was purchased but we can't use it.,Closed and Completed,0,2,"Jake, Transfluid",Supervisor,0,06/04/2024 12:00 AM,Jake Demers - 03/29/24  2:50:02 AM: Currently working with Transfluid on installing a HMI so they can remote in and program it,[]
2008,EQ ID 2008,Line 5 Automated Grab Bar Cell - Bend Trim,Grab Bars,11847,05/28/2024,"3. Prod Affected, Not Stopped",Following error on the rotary trim machine.,Closed and Completed,0,0,"Jake, Kyle, Matt",Supervisor,6,06/18/2024 12:00 AM,,[]
2008,EQ ID 2008,Line 5 Automated Grab Bar Cell - Bend Trim,Grab Bars,12155,06/19/2024,4. Prod Continuing but Affected Equipment stopped,"Grab bar sealer show an error via a sensor and will not load bars. With the pick and place cell not running, the error goes away. Unable to determine the sensor that is causing the issue.",Closed and Completed,0,0,Jake,Maintenance,0,06/20/2024 12:00 AM,,[]
2008,EQ ID 2008,Line 5 Automated Grab Bar Cell - Bend Trim,Grab Bars,12724,08/12/2024,1. Prod Stopped,"Rotary trim Pin broke again due to how the head is stopping, fixing the issue by looking into having the head ramp down rather than stopping instantly and shearing this off",Closed and Completed,200,4,Jake,Maintenance,56,08/26/2024 12:00 AM,,[]
2008,EQ ID 2008,Line 5 Automated Grab Bar Cell - Bend Trim,Grab Bars,14377,01/01/2025,"3. Prod Affected, Not Stopped",Screen stopped working,Closed and Completed,150,1,Jake,Maintenance,0,01/15/2025 12:00 AM,,[]
2008,EQ ID 2008,Line 5 Automated Grab Bar Cell - Bend Trim,Grab Bars,14852,02/27/2025,"5. Prod Ongoing, Maint Required",The hose for the goop on the line 5 bender needs to be replaced.,Closed and Completed,0,0,operator,Supervisor,0,02/27/2025 12:00 AM,,[]
2008,EQ ID 2008,Line 5 Automated Grab Bar Cell - Bend Trim,Grab Bars,15627,05/05/2025,"3. Prod Affected, Not Stopped",The trimmer is not cutting all the way through. Darryl says that it is also making the same noise it made prior to the last crash in which it was down for a couple of weeks.,Closed and Completed,2000,8,Jake,Supervisor,0,05/07/2025 12:00 AM,Jake Demers - 05/07/25 10:41:22 AM: Shear pin broke off inside breaking the sleeve as well,[]
2008,EQ ID 2008,Line 5 Automated Grab Bar Cell - Bend Trim,Grab Bars,17918,12/11/2025,2. General Maint - High Priority,The Trimmer Cover needs to be put back on line 5 - this is required per Ron,Closed and Completed,0,0,"Russell, Jake",Maintenance,0,12/13/2025 12:00 AM,,[]
2008,EQ ID 2008,Line 5 Automated Grab Bar Cell - Bend Trim,Grab Bars,18271,01/22/2026,1. Prod Stopped,Shrink machine on line 5 has stopped working,Closed and Completed,0,0,Jake,Supervisor,0,02/11/2026 12:00 AM,"Jake Demers - 02/11/26  5:14:11 AM: Replaced heating element | Jake Demers - 01/22/26  8:03:33 AM: Fuse blew and also found 3 of the heating elements went bad, Will replace when they come in. Production is running",[]
2008,EQ ID 2008,Line 5 Automated Grab Bar Cell - Bend Trim,Grab Bars,19535,05/21/2026,1. Prod Stopped,Bender hydraulic line is leaking,Closed and Completed,150,2,Jake,Maintenance,4,05/21/2026 12:00 AM,Jake Demers - 05/26/26  1:56:52 AM: Replaced hose. Milton Cat next door made the hose for us,[]
2008,EQ ID 2008,Line 5 Automated Grab Bar Cell - Bend Trim,Grab Bars,20453,08/21/2026,1. Prod Stopped,Seam Detector not working.,Closed and Completed,0,0.01,Michael Nygard,Maintenance,0.5,08/21/2026 12:00 AM,,[]
299,EQ ID 299,Line 4 Auto Flange Welder (Contour Arc),Grab Bars,8187,11/30/2023,"3. Prod Affected, Not Stopped",This is actually for the line 4 lift table in front of the welder. It has stopped working.,Closed and Completed,0,0,Jake,Supervisor,0,12/01/2023 12:00 AM,,[]
299,EQ ID 299,Line 4 Auto Flange Welder (Contour Arc),Grab Bars,10114,01/26/2024,1. Prod Stopped,Push button on welder stopped working,Closed and Completed,0,0.25,Jake D,Supervisor,0,01/26/2024 12:00 AM,Jake Demers - 01/26/24  8:37:01 AM: Wire was broken. replaced wire,[]
299,EQ ID 299,Line 4 Auto Flange Welder (Contour Arc),Grab Bars,15268,04/03/2025,"3. Prod Affected, Not Stopped",Right side comes down and stops(does not start to rotate) randomly but welds and burns through the bars.,Closed Without Action,0,0,Jake,Supervisor,0,04/03/2025 12:00 AM,Jake Demers - 04/10/25  1:14:44 PM: Wrong machine,[]
299,EQ ID 299,Line 4 Auto Flange Welder (Contour Arc),Grab Bars,14580,02/05/2025,"5. Prod Ongoing, Maint Required",Left side comes down and stops(does not start to rotate) randomly but welds and burns through the bars.,Closed and Completed,0,0.5,Jake,Maintenance,0,05/21/2025 12:00 AM,Jake Demers - 05/22/25  8:28:45 AM: Adjusted weld start,[]
299,EQ ID 299,Line 4 Auto Flange Welder (Contour Arc),Grab Bars,14409,01/20/2025,"5. Prod Ongoing, Maint Required",Lift table works sparatically up and down.,Closed Without Action,0,0,Jake,Maintenance,0,06/19/2025 12:00 AM,,[]
299,EQ ID 299,Line 4 Auto Flange Welder (Contour Arc),Grab Bars,16713,08/18/2025,4. Prod Continuing but Affected Equipment stopped,"Shaft in rounder has broke slowing flange welding down severely.
Needs replacement.",Closed and Completed,0,0,Jake D,Maintenance,0,09/05/2025 12:00 AM,,[]
299,EQ ID 299,Line 4 Auto Flange Welder (Contour Arc),Grab Bars,18436,02/11/2026,"3. Prod Affected, Not Stopped","Right head gage arm does not retract stays out.
Right head torch does not go all the way back up.
Left head welding curtain keeps dropping may need new dampening cylinder to hold it up.",Closed Without Action,0,0,,Maintenance,0,05/05/2026 12:00 AM,,[]
5301,EQ ID 5301,General Maintenance (NEW MAINT. ADDITION),Maintenance,12703,08/08/2024,6. General Maint,Filter on the water fountain in the office is orange.,Closed and Completed,0,0.15,KW,Maintenance,0,08/08/2024 12:30 PM,,[]
5282,EQ ID 5282,Toyota Forklift,Shipping,17920,12/11/2025,"5. Prod Ongoing, Maint Required",Fork truck Z4096 – Service Wrench – Forks stop working,Closed and Completed,0,0,Jake D,Maintenance,0,12/12/2025 12:00 AM,Jake Demers - 12/12/25 11:21:28 AM: Seat safety switch was jumped out (Unknown who did this) . Please let departments know that defeating a safety device is lead to disciplinary actions.,[]
5282,EQ ID 5282,Toyota Forklift,Shipping,17921,12/11/2025,"5. Prod Ongoing, Maint Required",VNA Lift – the toggle for forwards and reverse is very loose,Closed and Completed,0,0,Tri-lift,Maintenance,0,04/15/2026 12:00 AM,,[]
5275,EQ ID 5275,Jungheinrich Forklift #1,Shipping,18592,02/27/2026,6. General Maint,Turret truck forklifts stops while trying to raise up. Also break button is loose.,Closed and Completed,0,0,Tri-Lift,Supervisor,0,04/15/2026 12:00 AM,,[]
5275,EQ ID 5275,Jungheinrich Forklift #1,Shipping,18807,03/18/2026,2. General Maint - High Priority,Turret truck is getting error codes while operating,Closed Without Action,0,0,Tri-Lift,Supervisor,0,04/15/2026 12:00 AM,Matt Miller - 04/16/26  3:11:52 AM: Tri-Lift is working on this,[]
5275,EQ ID 5275,Jungheinrich Forklift #1,Shipping,18914,03/30/2026,6. General Maint,Turret truck key won't work to turn it on/off,Closed and Completed,0,0,Tri-lift,Supervisor,0,04/15/2026 12:00 AM,,[]
5274,EQ ID 5274,Lantech Stretch Wrap Machine,Shipping,13485,10/21/2024,"5. Prod Ongoing, Maint Required",Bolt came loose. Machine making strange noise. Thank you,Closed and Completed,0,0,Jake D,Supervisor,0,10/21/2024 12:00 AM,,[]
5274,EQ ID 5274,Lantech Stretch Wrap Machine,Shipping,19621,05/28/2026,2. General Maint - High Priority,The pallet wrap makes a loud noise when spinning is currently down.,Closed Without Action,0,0,"Jake, Matt",Supervisor,0,06/05/2026 12:00 AM,Jake Demers - 06/05/26  8:35:20 AM: Dalton said there is no issues with it that it is working properly,[]
5274,EQ ID 5274,Lantech Stretch Wrap Machine,Shipping,20250,08/04/2026,2. General Maint - High Priority,Pallet wrap in shipping is making a loud noise when in use.,Closed and Completed,0,0,"Jake, Kyle",Supervisor,0,08/05/2026 12:00 AM,Jake Demers - 08/05/26  4:08:16 AM: Plastic wrap and debris buildup underneath round plate,[]
1793,EQ ID 1793,Platform Stretch Wrapper,Shipping,4762,03/09/2023,2. General Maint - High Priority,"The Wrapper had been reground as it was shocking employees, the unit is continuing to shock.
Also once the wrap is cut off once wrapping is complete it gets stuck, the next person goes to use for next shipment and pulled your hand back to the machine, this could cause someone’s had to get stuck.",Closed and Completed,0,0,Jake D,Maintenance,0,03/09/2023 12:00 AM,Jake Demers - 03/13/23  2:38:43 AM: Due to the dry air the film is creating a lot of static. I put something on it to pull the static off to prevent both issues from happening,[]
751,EQ ID 751,General Maintenance ( SHIPPING ),Shipping,4764,03/09/2023,6. General Maint,"Dock plate at door 4 is jacked up
If possible please take a look at all dock plates and grease if needed.",Closed and Completed,0,1,Beaton,Maintenance,0,04/05/2023 01:00 PM,"Matt Miller - 04/06/23  6:44:20 AM: Beaton re-welded dock plate, and bent tabs outward on the outside",[]
751,EQ ID 751,General Maintenance ( SHIPPING ),Shipping,5805,05/26/2023,4. Prod Continuing but Affected Equipment stopped,Large overhead fan above FedEx area has potential bad bearing. Fan has been turned off as a precaution.,Closed and Completed,0,0,None,Maintenance,0,09/12/2023 12:00 AM,"Matt Miller - 09/12/23 11:38:02 AM: There seems to be no issue with fan currently. (no noise, etc) | Jake Demers - 05/30/23  2:48:02 AM: Contacted The fan company to get a replacement motor. Waiting to hear back from them",[]
751,EQ ID 751,General Maintenance ( SHIPPING ),Shipping,4763,03/09/2023,6. General Maint,Make a solid Metal Rod for portable Dock plate. (it has it on one side but the other side has broken off,Closed Without Action,0,0,Jake,Maintenance,0,03/15/2024 12:00 AM,Jake Demers - 03/15/24  4:11:29 AM: Should look into getting new dock plate,[]
751,EQ ID 751,General Maintenance ( SHIPPING ),Shipping,11369,04/18/2024,1. Prod Stopped,"Overhead door 6's motor was reported as ""rattling"" or ""shaking"" again when used- I was told it needed maintenance the last time this occurred. I placed a ""do not use"" sign for now.",Closed Without Action,0,0,Jake,Supervisor,0,04/19/2024 12:00 AM,Jake Demers - 04/19/24  5:50:01 AM: I checked it over and did not see any issues with this and seems to be working properly,[]
751,EQ ID 751,General Maintenance ( SHIPPING ),Shipping,11479,05/01/2024,2. General Maint - High Priority,Air Hose for nail gun needs to be replaced. please see attached picture,Closed and Completed,0,0.5,Kyle,Supervisor,0,05/01/2024 11:30 AM,,"[{""name"": ""IMG_1641.jpg"", ""url"": ""https://circaweb.bobrick.com/PME/Forms/DownloadAttachment/566?guid=58648039-3650-4238-9b66-d8e0b9caa015""}]"
751,EQ ID 751,General Maintenance ( SHIPPING ),Shipping,11799,05/22/2024,2. General Maint - High Priority,need A/C unit fixed in shipping office,Closed and Completed,0,0.25,Kyle,Supervisor,0,05/29/2024 01:00 PM,,[]
751,EQ ID 751,General Maintenance ( SHIPPING ),Shipping,12059,06/10/2024,6. General Maint,Door #3 is not closing properly it shakes as it closes.,Closed and Completed,0,0,Beaton,Supervisor,0,06/12/2024 12:00 AM,,[]
751,EQ ID 751,General Maintenance ( SHIPPING ),Shipping,12133,06/17/2024,2. General Maint - High Priority,Door #6 wont close goes right back up when it hits the ground..,Closed Without Action,0,0,Jake,Supervisor,0,06/20/2024 12:00 AM,"Jake Demers - 06/20/24  4:21:43 AM: Door was hit by fork truck, Bottom of door has dent in it that pushes on the emergency hose when it goes down",[]
751,EQ ID 751,General Maintenance ( SHIPPING ),Shipping,11076,04/11/2024,2. General Maint - High Priority,dock 5 lift gate wont go up,Closed Without Action,0,0,Jake,Supervisor,0,06/20/2024 12:00 AM,"Jake Demers - 06/20/24  4:20:20 AM: Plate is working properly , asked operator and they said its not an issue",[]
751,EQ ID 751,General Maintenance ( SHIPPING ),Shipping,13656,10/31/2024,6. General Maint,Door #1 makes loud noise when opening and closing.,Closed and Completed,0,0,Jake,Supervisor,0,11/01/2024 12:00 AM,Jake Demers - 11/04/24  3:53:46 AM: Belt was dry. oiled it up and it is working well,[]
751,EQ ID 751,General Maintenance ( SHIPPING ),Shipping,14169,12/26/2024,2. General Maint - High Priority,Door #3 keeps shaking when trying to open,Closed and Completed,1500,0,Beaton,Supervisor,0,01/20/2025 12:00 AM,Jake Demers - 01/20/25 10:20:31 AM: Hydraulic hose disconnected from fitting inside bender | Jake Demers - 01/15/25  3:36:56 AM: Spring has been ordered waiting on part. Should be here later this week,[]
751,EQ ID 751,General Maintenance ( SHIPPING ),Shipping,14400,01/17/2025,6. General Maint,Nail gun stopped working.,Closed and Completed,0,0,,Supervisor,0,01/27/2025 12:00 AM,"Matt Miller - 01/27/25 10:45:33 AM: Replaced bad bearings, still have 1 spare set",[]
751,EQ ID 751,General Maintenance ( SHIPPING ),Shipping,15245,04/02/2025,6. General Maint,Need to look at the battery water tank,Closed and Completed,0,0,Matt M,Supervisor,0,04/28/2025 12:00 AM,Matt Miller - 04/29/25  9:11:45 AM: Switched out faucet to allow for a hose connection.,[]
751,EQ ID 751,General Maintenance ( SHIPPING ),Shipping,15892,05/29/2025,6. General Maint,Dock Door #6 light is not working to see into trailer.,Closed and Completed,0,0,Matt M,Supervisor,0,06/20/2025 11:00 AM,Matt Miller - 06/20/25  9:46:53 AM: Changed bulb. | Jake Demers - 06/19/25 11:56:53 AM: Light bulb is on order,[]
751,EQ ID 751,General Maintenance ( SHIPPING ),Shipping,16130,06/17/2025,2. General Maint - High Priority,Dock Door plate for Door 4 wont go all the way down.,Closed and Completed,0,0,Beaton,Supervisor,0,06/25/2025 12:00 AM,Matt Miller - 06/26/25  6:09:10 AM: This has been repaired and completed by Beaton | Jake Demers - 06/23/25 12:22:23 PM: I just spoke with Beaton. We are Tentatively on the schedule for tomorrow. They had tornados out west and lost power for several days and have 3 Technicians out related to that. | Jake Demers - 06/19/25 11:22:11 AM: Beaton Will be here around lunch time tomorrow to troubleshoot the issue,[]
751,EQ ID 751,General Maintenance ( SHIPPING ),Shipping,16001,06/06/2025,2. General Maint - High Priority,The bottom stopper on the exit door next to the overhead door in the shipping area needs to be repaired.,Closed and Completed,0,0,Mangione,Supervisor,0,07/14/2025 12:00 AM,Matt Miller - 06/19/25 11:52:56 AM: Locksmith will be here tomorrow 6/19/25 to repair door,[]
751,EQ ID 751,General Maintenance ( SHIPPING ),Shipping,16045,06/11/2025,6. General Maint,If possible could we get the water fountain by the sink in shipping replaced or repaired for use?,Closed and Completed,599,2,KW & MM,Supervisor,0,08/14/2025 09:00 AM,"Matt Miller - 06/19/25 10:40:16 AM: New water fountain purchased, delivered 6/19/25. Will be installed as soon as possible.",[]
751,EQ ID 751,General Maintenance ( SHIPPING ),Shipping,17142,10/06/2025,2. General Maint - High Priority,Turret truck is not operating correctly,Closed and Completed,0,0,N/A,Supervisor,0,10/21/2025 12:00 AM,Jake Demers - 10/22/25 10:26:40 AM: Multiple work order for same issue,[]
751,EQ ID 751,General Maintenance ( SHIPPING ),Shipping,17404,10/22/2025,2. General Maint - High Priority,Turret truck is having issues with backing up when stepping on the peddle it sometimes wont go in reverse,Closed and Completed,0,0,Jake D,Supervisor,0,10/22/2025 12:00 AM,Jake Demers - 11/07/25  2:03:42 AM: Switch was broke off,[]
751,EQ ID 751,General Maintenance ( SHIPPING ),Shipping,17806,12/01/2025,6. General Maint,Assemble shipping table for fedex area.,Closed and Completed,0,1,KW-MM,Supervisor,0,12/12/2025 10:30 AM,,[]
751,EQ ID 751,General Maintenance ( SHIPPING ),Shipping,18461,02/12/2026,2. General Maint - High Priority,Charging stations for the forklift one of them is broken and will not charge.,Closed and Completed,0,0,Jake,Supervisor,0,02/13/2026 12:00 AM,Jake Demers - 02/13/26  6:41:33 AM: Someone Ran over Charging cord with fork lift. Replaced with new one,[]
751,EQ ID 751,General Maintenance ( SHIPPING ),Shipping,18189,01/14/2026,6. General Maint,Turret truck knob for the break is loose,Closed and Completed,0,0.25,Jake,Supervisor,0,03/05/2026 12:00 AM,,[]
751,EQ ID 751,General Maintenance ( SHIPPING ),Shipping,18614,03/02/2026,6. General Maint,small blue Handcart in shipping needs new wheels,Closed and Completed,0,0,Matt M,Supervisor,0,03/09/2026 12:00 AM,Matt Miller - 03/09/26  9:57:25 AM: Tightened loose bolts.,[]
283,EQ ID 283,Abrasive Blast Cabinet 36x24,Shower Seats,15169,03/26/2025,1. Prod Stopped,The air line to the foot pedal has split and is leaking air on the left side.,Closed and Completed,0,0,Jake,Supervisor,0,03/26/2025 12:00 AM,,[]
1125,EQ ID 1125,"Router, Anderson Stratos Pro 5' by 17'",Shower Seats,11001,04/09/2024,"5. Prod Ongoing, Maint Required",The Protective cover on router cord is off.,Closed and Completed,0,0,Jake,Maintenance,0,05/06/2024 12:00 AM,,[]
1125,EQ ID 1125,"Router, Anderson Stratos Pro 5' by 17'",Shower Seats,18663,03/06/2026,"5. Prod Ongoing, Maint Required",Hose for the dust collector needs to be replaced - dust falling back onto machine and jamming up the tooling.,Closed and Completed,0,0,Matt M,Supervisor,0,03/06/2026 12:00 AM,Matt Miller - 03/09/26  9:58:02 AM: Hose has been replaced.,[]
1125,EQ ID 1125,"Router, Anderson Stratos Pro 5' by 17'",Shower Seats,20259,08/05/2026,6. General Maint,Push button for the manual release on the spindle motor needs to be replaced - sticks when pushed (Jeff already worked with Jake on this. This maint. request is just for documentation purposes).,Closed and Completed,50,1,Jake,Supervisor,1,08/05/2026 12:00 AM,,[]
1125,EQ ID 1125,"Router, Anderson Stratos Pro 5' by 17'",Shower Seats,20260,08/05/2026,6. General Maint,The longer hose connecting the router to the dust collection system is starting to develop holes in it and needs to be replaced,Closed and Completed,700,1,Matt,Supervisor,0,08/10/2026 12:00 AM,,[]
5361,EQ ID 5361,S.S. Transfluid Bender,Shower Seats,16824,08/26/2025,2. General Maint - High Priority,Mandrel rod keeps snapping (2 in the last 2 days).,Closed and Completed,0,0,Jake,Supervisor,0,09/04/2025 12:00 AM,Jake Demers - 09/15/25  1:52:20 AM: Upgraded mandrel rods to a thicker wall,[]
296,EQ ID 296,Coping Machine,Shower Seats,20004,07/01/2026,1. Prod Stopped,Cylinder that brings coper in not working (Bryan talked to Jake and Jake is already working on it. Putting in maint request for record keeping).,Closed and Completed,0,0.25,"Jake, Steve T",Supervisor,0,07/30/2026 12:00 AM,Jake Demers - 08/11/26  4:02:26 AM: Adjusted cylinder,[]
5300,EQ ID 5300,Lincoln Welder,Shower Seats,18433,02/11/2026,1. Prod Stopped,Welder for shower seats crashed - will not move,Closed and Completed,0,0.15,Jake,Supervisor,0,02/11/2026 12:00 AM,Jake Demers - 02/11/26  5:15:25 AM: Robot was in singularity,[]
5300,EQ ID 5300,Lincoln Welder,Shower Seats,20025,07/06/2026,1. Prod Stopped,Laser welder down for SS assembly - Jeff already talked to Jake D and he is working on it (just reporting for documentation).,Closed and Completed,1500,1,Jake,Supervisor,8,07/07/2026 12:00 AM,,[]
5300,EQ ID 5300,Lincoln Welder,Shower Seats,20161,07/30/2026,1. Prod Stopped,Power fluctuations within the welder that is causing improper welds,Closed and Completed,0,0,Brian N,Supervisor,0,07/30/2026 12:00 AM,Jake Demers - 07/30/26  5:44:36 AM: Changed the weld tip and cleaned gas lens,[]
5300,EQ ID 5300,Lincoln Welder,Shower Seats,20461,08/21/2026,6. General Maint,Air leak in the support clamp side - not affecting production.,Closed and Completed,0,0.5,Jake,Supervisor,0,08/26/2026 12:00 AM,,[]
5205,EQ ID 5205,General Maintenance ( SHOWER SEATS ),Shower Seats,11003,04/09/2024,"5. Prod Ongoing, Maint Required",Spoil Board rack should have lock on wheels - Can we please look into replacing the wheels to locking? If not can we please order one with locking wheels?,Closed and Completed,0,0,"Matt M, Jake D, Kyle W",Maintenance,0,06/25/2024 10:00 AM,Jake Demers - 04/10/24  9:46:00 AM: Ordered all 4 new locking wheels,[]
1762,EQ ID 1762,Robotic Finishing System,Shower Seats,16256,06/30/2025,1. Prod Stopped,Same issue Matt had last week and worked with Jake on - unit 3 (belt) is falling off the track.,Closed and Completed,0,0,"Jake, Mike N",Supervisor,0,07/30/2025 12:00 AM,Jake Demers - 07/30/25  6:08:11 AM: Nose of arm was bent. Replaced with new one,[]
1762,EQ ID 1762,Robotic Finishing System,Shower Seats,18672,03/09/2026,1. Prod Stopped,Failure on the finisher - needs to be reset.,Closed and Completed,0,0.1,Michael Nygard,Supervisor,0.1,03/09/2026 06:10 AM,,[]
1762,EQ ID 1762,Robotic Finishing System,Shower Seats,18447,02/11/2026,6. General Maint,SMI that suggested removing some of the lines in the programming to reduce the amount of time needed to polish - no longer needed since the new Transfluid bender does not leave tooling marks.,Closed Without Action,0,0,,Supervisor,0,05/05/2026 12:00 AM,Matt Miller - 05/05/26  6:07:26 AM: Should be left in the programming to prevent tooling marks in future when tooling wears out.,[]
1762,EQ ID 1762,Robotic Finishing System,Shower Seats,20117,07/27/2026,2. General Maint - High Priority,Sent an email - having an issue with polisher getting the entire 4998. Every bar affected in last order,Closed and Completed,0,2,Jake,Supervisor,0,07/07/2026 12:00 AM,,[]
340,EQ ID 340,MotoMan Square Stock Drill,Shower Seats,11946,06/04/2024,"5. Prod Ongoing, Maint Required",Station # 2 needs the slugger hole milled out.,Closed and Completed,0,0,Jake,Supervisor,0,06/10/2024 12:00 AM,,[]
292,EQ ID 292,Punch Press (CEC Metal Muncher),Shower Seats,15072,03/14/2025,"5. Prod Ongoing, Maint Required",Foot pedal cover has broken off.,Closed and Completed,50,0.25,Jake,Supervisor,0,03/17/2025 12:00 AM,,[]
284,EQ ID 284,Anver Lift,Shower Seats,15144,03/24/2025,4. Prod Continuing but Affected Equipment stopped,Anver lift @ the router isn't working properly.,Closed and Completed,0,0,Jake,Supervisor,0,03/24/2025 12:00 AM,Jake Demers - 03/26/25 12:39:31 PM: Hose had a hole in it. Repaired and getting new one on order,[]
5353,EQ ID 5353,Tenoner,Toilet Partitions,17515,10/29/2025,1. Prod Stopped,"The tenoner was having issues pulling pieces, which we diagnosed as most likely being the hold down wheels being too low. After raising them from 0.625"" to 0.635"" it was running smoother. Afterward the buffer wheels were determined to need swapping. The swap was performed and the tenoner was dialed in after multiple trial and error attempts. The hold down issue returned and was probably due to material warping. Tool left in tech mode to adjust hold down as needed.",Closed and Completed,0,4.5,Nicholas Angelo Jr. and Jordon Dunn,Maintenance,4.5,10/29/2025 09:00 PM,"Nicholas Angelo, Jr - 10/29/25  7:03:09 PM: Hold down issue most likely is due to the variability of the material and the effect the outdoors has on it when stored there. As for the dialing in of the buffer wheels, this took longer than expected to achieve acceptable finishes on the edges of test pieces. An email has been sent notifying all vested parties.",[]
1566,EQ ID 1566,1040 Holzma Horizontal Panel Saw,Toilet Partitions,7244,09/15/2023,6. General Maint,The fence is loose surrounding the 1040 Holzma saw that cuts particle board.,Closed and Completed,0,0,Jake,Maintenance,0,02/16/2024 12:00 AM,Jake Demers - 02/20/24  2:40:01 AM: 2 work orders for same issue open,[]
1566,EQ ID 1566,1040 Holzma Horizontal Panel Saw,Toilet Partitions,10437,02/19/2024,1. Prod Stopped,Saw will not operate.,Closed and Completed,5000,0,Jake D,Maintenance,6,02/19/2024 10:30 AM,Jake Demers - 02/20/24  2:38:04 AM: Main saw raise/lower air solenoid was bad,[]
5346,EQ ID 5346,Black Bros Glue Spreader,Toilet Partitions,16113,06/16/2025,1. Prod Stopped,Rollers locked up and would not spin. Ordered new part,Closed and Completed,600,8,Jake,Maintenance,16,06/18/2025 09:00 AM,,[]
5346,EQ ID 5346,Black Bros Glue Spreader,Toilet Partitions,16736,08/20/2025,4. Prod Continuing but Affected Equipment stopped,The scum sucker TPF uses needs repair. This is not the glue spreader as there was not a category for this. Please look at what can be done at your earliest convenience.,Closed and Completed,0,0,Jake D,Maintenance,0,08/18/2025 12:00 AM,,[]
5346,EQ ID 5346,Black Bros Glue Spreader,Toilet Partitions,20419,08/19/2026,"5. Prod Ongoing, Maint Required","The chain is getting loose, could we take a link out.",Closed and Completed,0,1,Jake,Maintenance,0,08/19/2026 12:00 AM,,[]
5366,EQ ID 5366,1080 HOMAG Horizontal Panel Saw,Toilet Partitions,19210,04/28/2026,"5. Prod Ongoing, Maint Required",scrap lift table is no longer functioning. it would go up but then slowly fall back down. now it wont work at all.,Closed and Completed,200,2,"Matt M, Jake D",Maintenance,0,05/05/2026 12:00 AM,Jake Demers - 05/26/26  1:57:21 AM: Rebuild Cylinders | Matt Miller - 05/05/26  6:47:19 AM: Hydraulic cylinders are both leaking. Reached out to manufacturer for replacement parts. Will install when they come in.,[]
327,EQ ID 327,Vertical Panel Saw,Toilet Partitions,13297,10/07/2024,"3. Prod Affected, Not Stopped",Operator stated the vertical saw is leaking oil out of the back side. He believes it is running very low on oil due to the leak. We do not want this to affect the function of it. Please take a look when someone is available.,Closed Without Action,0,0,Jake,Maintenance,0,10/29/2024 12:00 AM,Matt Miller - 06/19/25 11:55:00 AM: No leaks currently | Jake Demers - 10/29/24  4:21:22 AM: currently working with vendor on finding a crossover gearbox due to it being so old,[]
327,EQ ID 327,Vertical Panel Saw,Toilet Partitions,15269,04/02/2025,"5. Prod Ongoing, Maint Required",The orange beam on the vertical saw has been getting locked in the downward position. This happens a few times per day. Can someone please take a look at this when time permits. (Low priority),Closed Without Action,0,0,,Maintenance,0,04/23/2025 12:00 AM,Matt Miller - 04/23/25  3:23:41 AM: Duplicate WO,[]
327,EQ ID 327,Vertical Panel Saw,Toilet Partitions,15451,04/22/2025,"3. Prod Affected, Not Stopped","Beam will not release, valve is sticking.",Closed and Completed,0,0,,Maintenance,0,09/03/2025 12:00 AM,,[]
1760,EQ ID 1760,"Return System - 3/4"" 1080 Finishing",Toilet Partitions,16526,07/30/2025,"3. Prod Affected, Not Stopped","There is a transfer belt that broke, which is causing small doors to not transfer properly and fall on floor also causing extra work and remakes.",Closed and Completed,0,0,Rich,Maintenance,0,07/30/2025 12:00 AM,,[]
1760,EQ ID 1760,"Return System - 3/4"" 1080 Finishing",Toilet Partitions,17575,11/05/2025,4. Prod Continuing but Affected Equipment stopped,Return rollers are stuck and unable to spin on the return system in 1080.,Closed and Completed,0,0,"Rich, Jake",Supervisor,0,11/06/2025 12:00 AM,Jake Demers - 11/07/25  2:05:57 AM: Motor inside roller locked up. We removed the roller and will get a replacement for it,[]
1760,EQ ID 1760,"Return System - 3/4"" 1080 Finishing",Toilet Partitions,20174,07/31/2026,"3. Prod Affected, Not Stopped",The lift table at the end of the return system isn`t working.,Closed and Completed,0,0,Jake,Maintenance,0,08/05/2026 12:00 AM,,[]
313,EQ ID 313,"Return System - 1/2"" 1080 Finishing",Toilet Partitions,10375,02/16/2024,"3. Prod Affected, Not Stopped","Drive Belt is stretched out, not returning large pieces properly.",Closed Without Action,0,0,Jake,Maintenance,0,04/10/2024 12:00 AM,"Jake Demers - 04/10/24  9:27:33 AM: Spoke with operators they said this issue occurred with 96"" panels which unfortunately there is no solution to it other than getting a bigger return system",[]
313,EQ ID 313,"Return System - 1/2"" 1080 Finishing",Toilet Partitions,19729,06/06/2026,"3. Prod Affected, Not Stopped",The drive belts on the return system need to be replaced as they are extremely worn.,Closed and Completed,100,1,Jake,Supervisor,0,06/10/2026 12:00 AM,,[]
313,EQ ID 313,"Return System - 1/2"" 1080 Finishing",Toilet Partitions,20379,08/14/2026,"3. Prod Affected, Not Stopped",Machine keeps shutting down. Can this be looked at first thing Monday morning.,Closed and Completed,20,0,Jake,Maintenance,0,08/17/2026 12:00 AM,Jake Demers - 08/19/26  8:01:05 AM: Contact in the emergency stop was bad,[]
5303,EQ ID 5303,Anver Lift,Toilet Partitions,12375,07/15/2024,"3. Prod Affected, Not Stopped",Anver lift filter is plugged making it hard to pick up pieces,Closed and Completed,0,0,Kyle,Maintenance,0,07/15/2024 12:00 AM,Jake Demers - 07/15/24  7:09:13 AM: Cleaned out the filter,[]
5303,EQ ID 5303,Anver Lift,Toilet Partitions,13019,09/10/2024,"3. Prod Affected, Not Stopped",Lift in 1040 cell will not lift panels correctly.,Closed and Completed,0,0,Beaton,Maintenance,0,09/12/2024 12:00 PM,Matt Miller - 09/12/24  3:20:45 AM: Found leak in vacuum hose | Jake Demers - 09/11/24  2:50:15 AM: Contacting Beaton to come in and inspect,[]
5303,EQ ID 5303,Anver Lift,Toilet Partitions,13760,11/11/2024,"3. Prod Affected, Not Stopped",Vacuum lift in 1080 Cell which was just inspected has a crack in one of the hoses which is not allowing operator to pick up pieces.,Closed and Completed,0,0,Matt M,Maintenance,0,12/12/2024 12:00 AM,"Matt Miller - 12/12/24 10:38:03 AM: Replaced 2"" fernco coupler",[]
5303,EQ ID 5303,Anver Lift,Toilet Partitions,15623,05/05/2025,1. Prod Stopped,The Anver Lift at the glue spreader will not pick up any parts.,Closed and Completed,0,0,Jake,Maintenance,0,05/05/2025 12:00 AM,Jake Demers - 05/05/25  6:55:16 AM: Lift was not adjusted properly,[]
5303,EQ ID 5303,Anver Lift,Toilet Partitions,19261,04/30/2026,"5. Prod Ongoing, Maint Required",The vac lift in the 1040 cell needs attention as its having difficulty lifting large panels up from the finishing table.,Closed and Completed,0,0,Kyle W,Supervisor,0,04/30/2026 12:00 AM,Matt Miller - 04/30/26 10:32:45 AM: changed filter,[]
5303,EQ ID 5303,Anver Lift,Toilet Partitions,19589,05/27/2026,"3. Prod Affected, Not Stopped",The lift in HPL Cell is failing to lift large panels.,Closed and Completed,500,2,Jake,Maintenance,0,05/29/2026 12:00 AM,Jake Demers - 06/01/26  1:59:39 AM: Unit was full of packed dust over the years. Also replaced lift hose as it was starting to dry rot,[]
2009,EQ ID 2009,"Tecnolegno 3/4"" Edge Finishing Machine",Toilet Partitions,12441,07/18/2024,1. Prod Stopped,Finish Motor seized up.,Closed and Completed,300,0.75,Jake,Maintenance,0.75,07/18/2024 12:00 AM,Jake Demers - 07/18/24  7:23:54 AM: Replaced and rewired bottom chamfer finish motor,[]
314,EQ ID 314,"Tecnolegno 1/2"" Edge Finishing Machine",Toilet Partitions,13285,10/04/2024,1. Prod Stopped,Main cutter motor bearing seized up,Closed and Completed,1500,2,Jake,Maintenance,3,10/04/2024 12:00 AM,,[]
314,EQ ID 314,"Tecnolegno 1/2"" Edge Finishing Machine",Toilet Partitions,13986,12/05/2024,"3. Prod Affected, Not Stopped",Track needs to be tightened.,Closed and Completed,0,0,Rich J,Maintenance,0,12/05/2024 12:00 AM,,[]
314,EQ ID 314,"Tecnolegno 1/2"" Edge Finishing Machine",Toilet Partitions,14381,01/16/2025,1. Prod Stopped,Panel finish machine will not turn on,Closed and Completed,0,3,"Jake, Mike N",Maintenance,3,01/16/2025 12:00 AM,Jake Demers - 01/16/25 10:08:48 AM: CAT ordered the part for us they will be the fastest to get it in. Expected to be here first thing in the morning,[]
315,EQ ID 315,1080 CNC Drill (Gannomat),Toilet Partitions,1589,06/07/2022,"3. Prod Affected, Not Stopped","Operator is unable to change bits on the router. They are also unable to set programs needed for price measurements when drilling. Steve T has said he needs to do it by eyeing the depth himself. 
All issues are believed to be related to the wiring. We have bare wires showing inside of the router's track. Also are wires spliced in there. Machine slows production daily with these problems and production could be halted if wires break.",Closed and Completed,0,0,"Jake D, Mike N",Maintenance,0,10/13/2022 12:00 AM,Jake Demers - 10/14/22  4:06:52 AM: Replaced both cables that had spliced wires/ bare wires and tool touch off is fixed for setting bit height,[]
5034,EQ ID 5034,1040 CNC Drill (Gannomat),Toilet Partitions,18703,03/11/2026,1. Prod Stopped,Sensors not reading components.,Closed and Completed,0,0.5,"Jake, Rich",Supervisor,0,03/11/2026 12:00 AM,"Jake Demers - 03/11/26  8:21:59 AM: Drill Head crashed into sensor. Track also fell apart, We had to repair the track until we have time to shut down and replace with new one",[]
1589,EQ ID 1589,Anderson Router,Toilet Partitions,11535,05/06/2024,1. Prod Stopped,Router keeps shutting down during operation.,Closed and Completed,0,0,Jake D,Maintenance,0,05/06/2024 12:00 AM,Matt Miller - 05/08/24  7:03:19 AM: Repaired broken wire,[]
1589,EQ ID 1589,Anderson Router,Toilet Partitions,11960,06/05/2024,"3. Prod Affected, Not Stopped",The hose on top of the router that acts as a vacuum needs to be replaced.,Closed and Completed,0,0,"Jake D, Matt M",Maintenance,0,07/16/2024 04:00 PM,,[]
1589,EQ ID 1589,Anderson Router,Toilet Partitions,12699,08/08/2024,1. Prod Stopped,Router wont turn on,Closed and Completed,20,1,"Jake, Mike",Maintenance,1.5,08/08/2024 12:00 AM,Jake Demers - 08/08/24  5:46:17 AM: Power supply was bad in PC. Replaced and is working now,[]
1589,EQ ID 1589,Anderson Router,Toilet Partitions,10740,03/18/2024,"3. Prod Affected, Not Stopped",The router has error messages pop up first thing in the morning as well as occasionally throughout the day. We cannot router components until the message goes away and the computer gets reset. We are unsure of how to fix this. I will included a picture in the email notification that pops up.,Closed Without Action,0,0,Jake,Maintenance,0,04/09/2025 12:00 AM,Jake Demers - 04/09/25 12:31:44 PM: Its a Timing communication issue in the PLC,[]
5206,EQ ID 5206,General Maintenance ( TOILET PARTITIONS ),Toilet Partitions,8040,11/15/2023,2. General Maint - High Priority,Vacuum Lift will not lift pieces at Glue Run.,Closed and Completed,0,0,Jake D,Maintenance,1,11/15/2023 12:00 AM,,[]
5206,EQ ID 5206,General Maintenance ( TOILET PARTITIONS ),Toilet Partitions,10102,01/25/2024,1. Prod Stopped,"1000070 drill press is currently not working. Please let me know if anyone has time to look at this. 

Thanks,",Closed and Completed,0,0,Jake D,Maintenance,0,01/15/2024 12:00 AM,Jake Demers - 01/25/24  6:26:12 AM: This was completed 1/15,[]
5206,EQ ID 5206,General Maintenance ( TOILET PARTITIONS ),Toilet Partitions,10718,03/14/2024,6. General Maint,Could the Lift in the old 1030 area be removed before our next load of particle board arrives?,Closed and Completed,0,2,"Matt M, Jake D",Maintenance,0,03/14/2024 12:00 AM,,[]
5206,EQ ID 5206,General Maintenance ( TOILET PARTITIONS ),Toilet Partitions,14378,01/15/2025,"3. Prod Affected, Not Stopped",Cylinder broke on lift table,Closed and Completed,0,1,Jake,Maintenance,0,01/15/2025 12:00 AM,,[]
735,EQ ID 735,1040 Finishing Machine,Toilet Partitions,5325,04/17/2023,2. General Maint - High Priority,"When the HPL Edge finishing machine shuts off and turns on, it blows dust back at the operator",Closed and Completed,0,0,Jake D,Maintenance,0,05/18/2023 12:00 AM,,[]
735,EQ ID 735,1040 Finishing Machine,Toilet Partitions,13667,11/01/2024,"3. Prod Affected, Not Stopped",Track Oiler not working.,Closed Without Action,0,0,Jake,Maintenance,0,05/01/2025 12:00 AM,"Jake Demers - 05/05/25  6:59:26 AM: Due to the amount of dust created in this area, Operator is better off oiling the track by hand so it does not gum up mixed with wood dust",[]
757,EQ ID 757,Dust Collector,Toilet Partitions,16551,08/01/2025,6. General Maint,There is a screeching noise coming from a part of the dust collector outside every time the air compressor starts up.,Closed and Completed,0,0,Matt M,Supervisor,0,08/01/2025 12:00 AM,Matt Miller - 08/05/25  4:21:29 AM: Replaced belts,[]
318,EQ ID 318,Laminate Slitter,Toilet Partitions,1938,07/18/2022,4. Prod Continuing but Affected Equipment stopped,There is an air leak in one of the hoses over by the laminate saw. It is very loud and clear. I'm not certain which piece of equipment it affects but you will be able to hear it clearly. Please look into. Thanks,Closed and Completed,0,0,Jake D,Maintenance,0,09/01/2022 12:00 AM,,[]
318,EQ ID 318,Laminate Slitter,Toilet Partitions,18274,01/22/2026,2. General Maint - High Priority,Motor is going bad. Ordering one today. Will replace when it comes in,Closed and Completed,0,0,"Matt M, Jake D",Maintenance,0,01/27/2026 12:00 AM,,[]
324,EQ ID 324,1540 Notching Machine,Toilet Partitions,1819,06/29/2022,"3. Prod Affected, Not Stopped",The machine needs to be turned of every time they cycle it to remove the doors,Closed and Completed,0,0.25,Jake Demers,Maintenance,0,08/11/2022 12:00 AM,,[]
5383,EQ ID 5383,Auto Peener,Tube Mill,20454,08/21/2026,"3. Prod Affected, Not Stopped","Light curtain frame moves causing light curtain to come out of alignment.
Recommend adding post that goes from outer edge of left and right light curtain mounts to bolt to the floor so eliminates movement.",Pending,0,0,,Maintenance,0,,,[]
5383,EQ ID 5383,Auto Peener,Tube Mill,19371,05/12/2026,2. General Maint - High Priority,Auto peener is spraying out peen long after the door is open resulting in hitting the operator.,Closed and Completed,0,1,Michael Nygard,Maintenance,0,05/14/2026 02:00 PM,Michael Nygard - 05/14/26 11:19:42 AM: Modified Software.,[]
5367,EQ ID 5367,Finishing System,Tube Mill,16155,06/19/2025,"3. Prod Affected, Not Stopped",Left side(closer to peener) of the lift table isnt fully raising to lift the tube onto the conveyor that runs tube into finishing unit. Anything over 39.5 inches will not catch to lift.,Closed and Completed,0,0,Matt M,Maintenance,0.5,06/19/2025 12:00 PM,"Matt Miller - 06/19/25 10:39:17 AM: Bolts fell out due to vibration in lift table, re-tapped and installed new bolts.",[]
5367,EQ ID 5367,Finishing System,Tube Mill,18183,01/14/2026,"5. Prod Ongoing, Maint Required",When we cut a new opening in the main duct for the new finisher it was nearly completely blocked with debris to the point where we had to take  handfuls out so air flow was possible. Please check and see if this should be cleaned/replaced.,Closed and Completed,0,0,"Jake D, Anthony T",Supervisor,1,01/14/2026 12:00 AM,Matt Miller - 01/14/26  4:19:57 AM: 1/2 of the ductwork going into dust collector was completely blocked. Needs to be cleaned and re-sealed.,[]
5295,EQ ID 5295,Bossi Seam Grinder,Tube Mill,12787,08/15/2024,1. Prod Stopped,Part on Bossi needs hole drilled into it - production stopped until replaced,Closed and Completed,0,0,Jake,Supervisor,2,08/16/2024 12:00 AM,,[]
5295,EQ ID 5295,Bossi Seam Grinder,Tube Mill,13915,11/25/2024,"5. Prod Ongoing, Maint Required",Need wire connection that allows operators to start Bossi from main control like the previous Bossi.,Closed and Completed,0,0,"Jake D, Mike N, Matt M",Supervisor,0,01/27/2025 12:00 AM,"Matt Miller - 01/27/25 10:44:50 AM: Replaced bad bearings, still have 1 spare set",[]
5295,EQ ID 5295,Bossi Seam Grinder,Tube Mill,15468,04/22/2025,2. General Maint - High Priority,Bossi does not stop when Tube Mill E-Stop is pressed.,Closed Without Action,0,0,"Jake, Dan",Supervisor,0,04/22/2025 12:00 AM,Jake Demers - 04/22/25 12:55:45 PM: The E-Stops are working properly. It shuts the mill and Bossi off while pressed,[]
5295,EQ ID 5295,Bossi Seam Grinder,Tube Mill,16257,06/30/2025,"3. Prod Affected, Not Stopped",Bossi door will not open all the way on it's own,Closed Without Action,0,0,,Supervisor,0,07/01/2025 12:00 AM,Matt Miller - 07/01/25  4:46:53 AM: Informed Taylor and Tube Mill Operators that this machine needs to be cleaned more frequently to prevent any more damage to it's components.,[]
5295,EQ ID 5295,Bossi Seam Grinder,Tube Mill,16399,07/15/2025,6. General Maint,Need hose installed for daily Bossi cleaning,Closed and Completed,0,0,Jake D,Supervisor,0,10/03/2025 12:00 AM,,[]
5317,EQ ID 5317,Robot - Tubing Stacker,Tube Mill,15324,04/08/2025,4. Prod Continuing but Affected Equipment stopped,Robot not stacking,Closed and Completed,100,0,"Jake, Dan",Supervisor,0,04/10/2025 12:00 AM,Jake Demers - 04/10/25  1:14:01 PM: Hoses and fittings were leaking Vacuum and needed replacing,[]
5317,EQ ID 5317,Robot - Tubing Stacker,Tube Mill,15716,05/12/2025,4. Prod Continuing but Affected Equipment stopped,"Robot is not stacking any tubing below 24""",Closed and Completed,0,0,Jake,Supervisor,0,05/13/2025 12:00 AM,Jake Demers - 05/19/25  3:57:55 AM: Every size is needed to be touched up point wise. Fixing this issue whenever operator changes sizes,[]
5317,EQ ID 5317,Robot - Tubing Stacker,Tube Mill,17284,10/14/2025,"5. Prod Ongoing, Maint Required",Kicktable arm not consistently kicking tubing into correct place.,Closed and Completed,0,0,Matt M,Supervisor,0,10/16/2025 12:00 AM,"Matt Miller - 10/17/25  4:46:27 AM: Spoke with Operator, states that there is no issue with kick table. It is an adjustment to the position of the conveyor that they will make changes to.",[]
5317,EQ ID 5317,Robot - Tubing Stacker,Tube Mill,17283,10/14/2025,"5. Prod Ongoing, Maint Required",Additional tilt to tilt table so the tubing will fall down into place correctly for the robot.,Closed Without Action,0,0,,Supervisor,0,11/25/2025 12:00 AM,,[]
5317,EQ ID 5317,Robot - Tubing Stacker,Tube Mill,17282,10/14/2025,"5. Prod Ongoing, Maint Required",Need locks added to tubing cart wheels that don't currently have them.,Closed Without Action,0,0,,Supervisor,0,03/03/2026 12:00 AM,,[]
5315,EQ ID 5315,Duo-Cut Head #1,Tube Mill,11774,05/21/2024,"5. Prod Ongoing, Maint Required","Die accelerator very loose- bolts on top were tightened by operator, but screws underneath need tightening as well.",Closed and Completed,0,0,"Matt M, Jake D",Supervisor,0,02/14/2025 12:00 AM,,[]
5314,EQ ID 5314,Un-coiler,Tube Mill,11087,04/11/2024,"5. Prod Ongoing, Maint Required","Uncoiler is not parallel to tube mill, causing coil to feed into mill at an angle.",Closed and Completed,0,0,Matt M,Supervisor,0,06/25/2024 06:00 AM,Matt Miller - 06/26/24  3:15:32 AM: Angle of uncoiler is not causing any issues,[]
5314,EQ ID 5314,Un-coiler,Tube Mill,13028,09/10/2024,"5. Prod Ongoing, Maint Required",Repair broken uncoiler arms,Closed and Completed,0,0,Matt M,Maintenance,0,09/11/2024 12:00 AM,,[]
5314,EQ ID 5314,Un-coiler,Tube Mill,14763,02/19/2025,"3. Prod Affected, Not Stopped","Uncoiler won't expand or retract on one side- production still running but can only use one side of the uncoiler, which is slowing down production.",Closed and Completed,0,0,"Dan, Anthony, Jake",Supervisor,0,02/20/2025 12:00 AM,Jake Demers - 02/20/25  5:45:44 AM: Tightened screws holding the finger on,[]
5287,EQ ID 5287,Toyota Forklift (Tube Mill),Tube Mill,17922,12/11/2025,"5. Prod Ongoing, Maint Required",Forklift needs to be serviced – will be using and then suddenly it stops working,Closed Without Action,0,0,Thompson & Johnson,Maintenance,0,12/12/2025 12:00 AM,Jake Demers - 12/15/25 12:19:10 PM: Technician came in and didn't find any issues,[]
5030,EQ ID 5030,Eisele Cut Saw (For Specials and 3588-33),Tube Mill,10323,02/12/2024,1. Prod Stopped,Foot pedal for KMT saw by the peener not working.,Closed and Completed,0,0,Jake,Supervisor,0,02/13/2024 12:00 AM,,[]
5030,EQ ID 5030,Eisele Cut Saw (For Specials and 3588-33),Tube Mill,13235,09/30/2024,6. General Maint,Create shield for around deburr table to prevent chips from getting in the long length tubing- causing scratches in the tube.,Closed and Completed,0,0,Matt M,Maintenance,0,02/14/2025 12:00 AM,"Matt Miller - 12/12/24 10:41:23 AM: Found a pre-fab enclosure for the bench grinder, waiting on them to provide a lead time and then I will purchase.",[]
5294,EQ ID 5294,Burr-master,Tube Mill,13027,09/10/2024,"5. Prod Ongoing, Maint Required",Need peg welded onto covers for brushes,Closed and Completed,0,0,Matt M,Maintenance,0,09/19/2024 12:00 AM,Matt Miller - 09/19/24  1:17:22 PM: All spare parts for burrmaster have been received. | Matt Miller - 09/11/24  5:26:55 AM: Covers and other parts have been ordered for the burrmaster.,[]
5291,EQ ID 5291,Deep Bed Filter (Main Coolant Tank),Tube Mill,12885,08/27/2024,"5. Prod Ongoing, Maint Required",Main coolant tank has a leak underneath,Closed Without Action,2000,0,Matt M,Supervisor,0,09/11/2024 12:00 AM,"Jake Demers - 09/11/24  2:43:31 AM: multiple work orders for the same issue | Matt Miller - 09/04/24 11:22:39 AM: Replacement Carbon Steel Coolant Tank has been ordered 9/5/24. Will ship this week. | Matt Miller - 08/29/24 12:26:03 PM: Lifted coolant basin, discovered the bottom is very rusted and starting to rot. New replacement is $2,000 but waiting for them to forward quote so we can proceed with ordering.",[]
5291,EQ ID 5291,Deep Bed Filter (Main Coolant Tank),Tube Mill,13025,09/10/2024,"5. Prod Ongoing, Maint Required",Replace coolant tank - spare tank is in.,Closed and Completed,0,0,"Matt, Jake",Maintenance,0,09/26/2024 12:00 AM,,[]
5289,EQ ID 5289,Ytterbium Laser System,Tube Mill,12597,07/31/2024,"5. Prod Ongoing, Maint Required","The underneath of the back weld roll is still spinning, which is causing the tubing for the chiller to twist and come loose and leak inside the weld box.",Closed and Completed,0,0,Jake D,Supervisor,0,09/11/2024 12:00 AM,,[]
5288,EQ ID 5288,Shearwelder,Tube Mill,10862,03/28/2024,"5. Prod Ongoing, Maint Required",The motor that turns the drivebelt is not spinning. Operator can still butt-weld by moving manually.,Closed and Completed,0,0,Jake D,Maintenance,0,03/29/2024 12:00 AM,"Jake Demers - 03/29/24  2:48:19 AM: In the process of looking into a new door, Door will not fall off with these bolts missing",[]
5207,EQ ID 5207,General Maintenance ( TUBE MILL ),Tube Mill,7690,10/16/2023,"3. Prod Affected, Not Stopped","The bolts holding in the PVC pipe at the end of the cutter are stripped. Cannot run tube shorter than 36"" currently.",Closed and Completed,0,0,Jake D,Supervisor,0,10/17/2023 12:00 AM,,[]
5207,EQ ID 5207,General Maintenance ( TUBE MILL ),Tube Mill,12995,09/09/2024,"5. Prod Ongoing, Maint Required","First coolant line in the forming raft not working- causing the mill to be very loud, but still running.",Closed and Completed,0,0,Anthony,Supervisor,0,09/10/2024 12:00 AM,Jake Demers - 09/11/24  5:49:43 AM: Line needed to be cleaned,[]
5207,EQ ID 5207,General Maintenance ( TUBE MILL ),Tube Mill,13026,09/10/2024,"5. Prod Ongoing, Maint Required",Replace and calibrate knurling wheel,Closed and Completed,0,0,"Jake, Anthony",Maintenance,0,09/13/2024 12:00 AM,,[]
5207,EQ ID 5207,General Maintenance ( TUBE MILL ),Tube Mill,13626,10/28/2024,"5. Prod Ongoing, Maint Required",Knurling wheel for cutter needs recalibration - still giving inaccurate lengths. It is worse with longer length tubing.,Closed and Completed,0,0,"Jake, Matt",Supervisor,0,01/27/2025 12:00 AM,"Matt Miller - 01/27/25 10:44:17 AM: Replaced bad bearings, still have 1 spare set",[]
5207,EQ ID 5207,General Maintenance ( TUBE MILL ),Tube Mill,13881,11/21/2024,"5. Prod Ongoing, Maint Required",Exit end of the kick table not working properly,Closed and Completed,0,0,Matt,Supervisor,0,01/27/2025 12:00 AM,"Matt Miller - 01/27/25 10:43:52 AM: Replaced bad bearings, still have 1 spare set | Matt Miller - 12/12/24  6:34:43 AM: Replaced broken bolts for now, purchased new bearings. Once those come in we will replace any that are bad.",[]
5207,EQ ID 5207,General Maintenance ( TUBE MILL ),Tube Mill,16820,08/26/2025,"3. Prod Affected, Not Stopped","Air cylinder in lift table broke again, with potential of completely stopping production of 48"" bars and above.",Closed and Completed,0,0,"Matt M, Jake D",Supervisor,0,08/27/2025 12:00 AM,,[]
5207,EQ ID 5207,General Maintenance ( TUBE MILL ),Tube Mill,18237,01/19/2026,1. Prod Stopped,Output for Down Main cutter is bad. New output card on order to be overnighted tomorrow 1/20/2026,Closed Without Action,0,0,Jake,Maintenance,0,01/20/2026 12:00 AM,"Jake Demers - 01/22/26  8:02:37 AM: New module came in, Old one is working and will be replaced when needed",[]
5207,EQ ID 5207,General Maintenance ( TUBE MILL ),Tube Mill,18375,02/04/2026,"5. Prod Ongoing, Maint Required",Move the DI Water station to be moved back behind the mill where the other water hose is?,Closed and Completed,0,0,Matt M,Supervisor,0,03/05/2026 12:00 AM,Matt Miller - 03/05/26 10:59:39 AM: This has been moved next to the main argon tank behind tube mill.,[]
5207,EQ ID 5207,General Maintenance ( TUBE MILL ),Tube Mill,18132,01/08/2026,6. General Maint,"The wheel on the cart in the TM needs to be replaced, it doesn't roll correctly because of the wear, see outlook email for pics.",Closed and Completed,0,0,Matt M,Supervisor,0,03/09/2026 12:00 AM,Matt Miller - 03/09/26  9:56:53 AM: Wheels have been replaced.,[]
,,,Shipping,19906,06/19/2026,6. General Maint,Need air hose moved for new location for pallet brackets,Pending,0,0,,Supervisor,0,,,[]
,,,Maintenance,20313,08/10/2026,6. General Maint,Paint all departments yellow walkway lines now the punch is installed. Some areas have some areas have old lines intersecting with new walkways.,Pending,0,0,,Supervisor,0,,"Michael Nygard - 08/11/26  2:58:03 AM: Recommend waiting to paint the lines until after the new Grab Bar Automation System is installed.
This may cause them to change unexpectedly.",[]
,,,Facilites,20509,08/27/2026,6. General Maint,Taylor - My office door will only close if you slam it. Can this be checked out and see if it can be fixed?,Pending,0,0,,Supervisor,0,,,[]
,,,Shipping,20569,09/01/2026,6. General Maint,Need repair on Asile I22B bottom rack holds the pallet is bent,Pending,0,0,,Supervisor,0,,,[]
