Division,Cell/Line/ Dept,Category,Machine and Equipment,Location and/or Workcenter,Type (capex/small tool),Serial No.,Asset #,,Year New,Condition,Service Status (in/out),As of (Year-Month), Estimated/expected replacement cost ,Estimted Replacement Year,ERY: 0-1,ERY: 1-2,ERY: 2-3,ERY:3-4,ERY: 4-5,ERY: 5+,COMMENTS
BLA,Toilet Partitions Factory,Tooling,"POP UP Table, 3/4"" Edge Finisher - ID 1488",CL Cell,small tool,N/A,N/A,,2022,Good ,In ,2022-04,,N/A,,,,,,,
BLA,Toilet Partitions Factory,Machine,"1/2 "" Edge Finisher, Solid, Technolegno/ Universal 280 - ID 1570",CL Cell,capex,3477,N/A,,N/A,Good,In ,N/A,,2020,,x,,,,,
BLA,Toilet Partitions Factory,Tooling,1/2 Pop-up table made in house - ID 1623,CL Cell,small tool,N/A,N/A,,N/A,Good,In ,N/A,,2030,,x,,,,,
BLA,Toilet Partitions Factory,Machine,"3/4 "" Edge Finisher, Solid, Technolegno/ Universal 280 - ID 151/11274",Evolve Cell,capex,3468,11274,,2008,Good,In ,2008-09,,2020,,,,,,,
BLA,Toilet Partitions Factory,Machine,3/4 Thomas return system  - ID 1461,CL Cell,capex,N/A,N/A,,2017,Good,In ,2017-10,,2027,,,,,,,
BLA,Toilet Partitions Factory,Facilities,Cart - TPF Finish Goods - ID 1564,General,capex,2020933,N/A,,N/A,Good,In,N/A,,N/A,,,,,,,
BLA,Toilet Partitions Factory,Facilities,"Cart, Order Packing - ID 107",General,small tool,,N/A,,N/A,,,N/A,,,,,,,,,
BLA,Toilet Partitions Factory,Tooling,Chop Saw (corner guard pack out Lam.) - ID 782/n/a,CL Cell,small tool,310135,N/A,,N/A,Good,In ,N/A,,2023,,,,,,,
BLA,Toilet Partitions Factory,Tooling,Chop saw by Holzma Saw  - ID 1969,CL Cell,small tool,H090977,N/A,,N/A,Good,In ,N/A,,N/A,,,,,,,
BLA,Toilet Partitions Factory,Tooling,CNC Drill Setup Gage-1040  - ID 1568,HPL Cell,small tool,,N/A,,N/A,,,,,,,,,,,,
BLA,Toilet Partitions Factory,Tooling,CNC Drill Setup Gage-1080 - ID 1569,CL Cell,small tool,,N/A,,N/A,,,,,,,,,,,,
BLA,Toilet Partitions Factory,Machine,"CNC Drilling Machine, Automatic Leveling Bar - ID 154/11294",CL Cell,capex,Custom,11294,,2009,Good,Out,2009-06,,2019,,,,,,,
BLA,Toilet Partitions Factory,Facilities,Concrete floor  - ID 1571,General,N/A,N/A,,,,,,,,,,,,,,,
BLA,Toilet Partitions Factory,Tooling,Cutout Jig B3471/B3571 - ID 1544,CL Cell,Small Tool,,N/A,,N/A,N/A,In,N/A,,,,,,,,,
BLA,Toilet Partitions Factory,Tooling,"Cutout Jig B357, B347 - ID 1543",CL Cell,Small Tool,,N/A,,N/A,N/A,In,N/A,,,,,,,,,
BLA,Toilet Partitions Factory,Tooling,Drill Jig - for Door Hinges  Laminate - ID 1657,HPL Cell,Small Tool,,N/A,,N/A,,,N/A,,,,,,,,,
BLA,Toilet Partitions Factory,Tooling,Drill Jig - for Door Hinges ( 3 Hinges) Laminate - ID 1654,HPL Cell,Small Tool,,N/A,,N/A,,,N/A,,,,,,,,,
BLA,Toilet Partitions Factory,Tooling,Drill Jig - for Hinges for O/S Stile Hinges - ID 1655,CL Cell,Small Tool,,N/A,,N/A,Good,In ,N/A,,,,,,,,,
BLA,Toilet Partitions Factory,Tooling,Drill Jig - for Hinges Stile -I/S-O/S FC For Laminate - ID 1653,HPL Cell,Small Tool,,N/A,,N/A,,,N/A,,,,,,,,,
BLA,Toilet Partitions Factory,Tooling,Drill Jig - OS Door Hinge  - ID 1656,CL Cell,Small Tool,,N/A,,N/A,Fair,In ,N/A,,,,,,,,,
BLA,Toilet Partitions Factory,Tooling,"Drill Jig, 1080/ 1090 Leveling Bar - ID 121",CL Cell,Small Tool,,N/A,,2007,Good,In,2007-04,,2019,,,,,,,
BLA,Toilet Partitions Factory,Machine,Drill Press (Stile Building Cell) - ID 780, ,capex,1497170,N/A,,N/A,N/A,N/A,N/A,,2027,,,,,,,
BLA,Toilet Partitions Factory,Machine,"Drilling Machine CNC, 1040 Laminate  - ID 105/10863",HPL Cell,capex,139.592,10863,,2006,Good,In ,2006-05,,2018,,,,,,,
BLA,Toilet Partitions Factory,Tooling,"Driver, Pulse Tool, 1080 Leveling Bar - ID 64",CL Cell,small tool,N/A,N/A,,2001,,In,2001-02,,2018,,,,,,,
BLA,Toilet Partitions Factory,Tooling,"Driver, Pulse Tool, 1080 Leveling Bar,Desoutter model PTF022-T6500-S4Q - ID 1160",CL Cell,small tool,N/A,N/A,,2014,,In,2014-10,,2024,,,,,,,
BLA,Toilet Partitions Factory,Facilities,Drywall Carts  1-15 - ID 812,HPL Cell,small tool,N/A,N/A,,,,In,,,,,,,,,,
BLA,Toilet Partitions Factory,Machine,"Dust Collector, Donaldson Downflo Oval - ID 749",,capex,,,,2023,,In ,2013-12,,2023,,,,,,,
BLA,Toilet Partitions Factory,Machine,Edge Finisher Laminate - ID 1335,HPL Cell,capex,3697,11425,,2014,Fair,In,2014-10,,2024,,,,,,,
BLA,Toilet Partitions Factory,Tooling,Edgebander Pop up table  - ID 1686,HPL Cell,small tool,N/A,N/A,,,Good,In ,N/A,,N/A,,,,,,,
BLA,Toilet Partitions Factory,Machine,"Edgebander,Holz-Her Arcus Series - ID 736/11373",HPL Cell,capex,N/A,N/A,,N/A,Good,Out,N/A,,2024,,,,,,,
BLA,Toilet Partitions Factory,Machine,Evolve Double Head Drilling Machine  - ID 2110,CL Cell,capex,N/A,N/A,,N/A,Good,In ,N/A,,N/A,,,,,,,
BLA,Toilet Partitions Factory,Facilities,Flamex spark detection and extinguishing system  - ID 2103,,capex,,,,,,,,,,,,,,,,
BLA,Toilet Partitions Factory,Tooling,FLIP TABLE - ID 1350,CL Cell,small tool,N/A,N/A,,N/A,Good,In,N/A,,N/A,,,,,,,
BLA,Toilet Partitions Factory,Facilities,Forklift # T20 - ID 29,,small tool,,,,,,,,,,,,,,,,
BLA,Toilet Partitions Factory,Facilities,Forklift # T4 - ID 27,,capex,,,,,,,,,,,,,,,,
BLA,Toilet Partitions Factory,Facilities,Forklift # T5 - ID 28,,capex,,,,,,,,,,,,,,,,
BLA,Toilet Partitions Factory,Facilities,"FRL - Filter, Regulator, Lubricator - ID 72",,capex,,,,,,,,,,,,,,,,
BLA,Toilet Partitions Factory,Tooling,"Gage (Go/No Go), Drill Diameter, Laminate - ID 1542",HPL Cell,small tool,N/A,N/A,,2027,Good,In,2017-02,,2027,,,,,,,
BLA,Toilet Partitions Factory,Tooling,"Gage (Go/No Go), Drill Diameter, Solid - ID 1541",CL Cell,small tool,N/A,N/A,,N/A,Good,In,N/A,,N/A,,,,,,,
BLA,Toilet Partitions Factory,Machine,Gannomat Index 330 Trend/PRO (Solid) - ID 1879/11617,CL Cell,capex,814.828,11617,,2019,Good,In,2019-01,,2029,,,,,,,
BLA,Toilet Partitions Factory,Maintenance,General request  - ID 1489,,N/A,N/A,,,,,,,,,,,,,,,
BLA,Toilet Partitions Factory,Tooling,"Insert 1 Screwdriver, Auto Reverse, Lever - ID 1159",CL Cell,small tool,N/A,N/A,,2014,Good,In,2014-10,,2024,,,,,,,
BLA,Toilet Partitions Factory,Tooling,"Insert Screwdriver, 1080 -1 - ID 102",CL Cell,small tool,M-69065,N/A,,2014,Good,In,2014-10,,2018,,,,,,,
BLA,Toilet Partitions Factory,Tooling,"Jig, Drill, T-203040 ECOR T-Nut Drill, Laminate - ID 1511/ ",HPL Cell,small tool,N/A,N/A,,N/A,N/A,N/A,N/A,,2027,,,,,,,
BLA,Toilet Partitions Factory,Facilities,Job Carts 1-6 - ID 810,,small tool,N/A,,,,,,,,,,,,,,,
BLA,Toilet Partitions Factory,N/A,Laminate Cell - ID 1648,N/A,N/A,N/A,N/A,,N/A,N/A,N/A,N/A, N/A ,N/A,,,,,,,This is not a machine/tooling.
BLA,Toilet Partitions Factory,Tooling,Laminate Drill Hole Depth Gage  - ID 1575,HPL Cell,small tool,N/A,N/A,,,,,,,2027,,,,,,,
BLA,Toilet Partitions Factory,Machine,Laminate Slitter - ID 60/10367,HPL Cell,capex,50024RB,10367,,2019,Good,In,1997-05, N/A ,2019,,,,,,,
BLA,Toilet Partitions Factory,Tooling,Materal Carts 1-2 - ID 813,General,small tool,N/A,N/A,,,,,,,,,,,,,,
BLA,Toilet Partitions Factory,Machine,Meyer rotary airlock (dust collector) - ID 804/11367,General,General,,11367,,2012,n/a,In,2012-12,,2022,,,,,,,
BLA,Toilet Partitions Factory,Tooling,"Miter Saw, for Holzma Saw - ID 1378",CL Cell,small tool,,,,,Poor,In ,N/A, N/A ,n/a,,,,,,,
BLA,Toilet Partitions Factory,Machine,"Notching machine, 1540 Door - ID 13",HPL Cell,capex,Custom,N/A,,1997,Good ,In,1997-01,,2019,,,,,,,
BLA,Toilet Partitions Factory,Machine,O-Sama (Joos) Glue Spreader  - ID 1724/11536,HPL Cell,capex,23063,11618,,2017,Poor,In,2017-12,,2027,,,,,,,
BLA,Toilet Partitions Factory,Tooling,Pack out Carts  1-6 - ID 811,General,small tool,N/A,N/A,,N/A,,,N/A,,,,,,,,,
BLA,Toilet Partitions Factory,Tooling,Panel Handler - 4ft - ID 1457,N/A,small tool,N/A,N/A,,2016,Good,,2016-09,,2026,,,,,,,
BLA,Toilet Partitions Factory,Machine,Pinch Roller (Heated)  - ID 1584/11536,HPL Cell,capex,372440,11536,,2017,Good,In,2017-07,,2027,,,,,,,
BLA,Toilet Partitions Factory,Machine,"Return System, Thomas, 1/2"" Solid Panels - ID 156/10776",CL Cell,capex,2018831,10776,,2008,Good,In,2008-06,,2028,,,,,,,
BLA,Toilet Partitions Factory,Machine,"Return System, Thomas, 1040 Edgebander - ID 63/10776",HPL Cell,capex,2010050,10776,,2001,Good,In,2001-10,,2020,,,,,,,
BLA,Toilet Partitions Factory,Machine,"Return System, Thomas, Laminate Trimmer - ID 158",HPL Cell,capex,2070412,N/A,,2007,Good,In,2007,,2020,,,,,,,
BLA,Toilet Partitions Factory,Machine,"Return system,Thomas,Evolve cell  - ID 2109",CL Cell,capex,2016735,N/A,,2017,Good,In,2017-01,,2027,,,,,,,
BLA,Toilet Partitions Factory,N/A,Rework Station (Laminate Cell) - ID 781,HPL Cell,capex,N/A,,,,,In,,,,,,,,,,
BLA,Toilet Partitions Factory,N/A,Router Station (Stile Building cell) - ID 779,HPL Cell,capex,N/A,,,,,In,,,,,,,,,,
BLA,Toilet Partitions Factory,Machine,"Router, CNC,  Anderson Stratos/Nest TC+D - ID 1503/11535",CL Cell,capex,FAANCST05138,11535,,2017,Good,In,2017-01, n/a ,2026,,,,,,,
BLA,Toilet Partitions Factory,Machine,"Saw, 10' Panel, Laminate Line - ID 5/7579",HPL Cell,capex,112789,7579,,1989,Fair,In,1989-07,"$75,000.00 ",2020,,,,,,,
BLA,Toilet Partitions Factory,Machine,"Saw, Horizontal, Holzma - ID 1361/11446",CL Cell,capex,240025084,11446,,2016,Good,In,2016-02, n/a ,2025,,,,,,,
BLA,Toilet Partitions Factory,Machine,"Saw,Horizontal, Holz-Her - ID 135/11275",HPL Cell,capex,581,11275,,2008,Good,In,2008-02, n/a ,2020,,,,,,,
BLA,Toilet Partitions Factory,Tooling,Scissor Lift # 2 (large) Holz-Her Saw  - ID 814/11278,HPL Cell,Small Tool,N/A,11278,,n/a,Good,In,n/a,"$5,500.00 ",5500,,,,x,,,
BLA,Toilet Partitions Factory,Tooling,Scissor Lift #1 (small) Holz-Her Saw  - ID 815/11277,HPL Cell,Small Tool,N/A,11277,,n/a,Good,In,n/a,n/a,2023,,,,x,,,
BLA,Toilet Partitions Factory,Tooling,"Scissor Lift 1/2"" Edge Finisher  - ID 816/11257",CL Cell,Small Tool,N/A,11257,,n/a,Good,In,n/a, n/a ,2022,,,,x,,,
BLA,Toilet Partitions Factory,Tooling,"Scissor Lift 3/4"" solid Edge Finisher - ID 818",CL Cell,Small Tool,N/A,n/a,,n/a,Good,In,n/a, n/a ,2021,,,,x,,,
BLA,Toilet Partitions Factory,Tooling,Scissor Lift Holz-Her Edge Bander  - ID 817,HPL Cell,Small Tool,N/A,n/a,,n/a,Good,In,n/a, n/a ,2020,,,,x,,,
BLA,Toilet Partitions Factory,Tooling,Scissor Lift Holzma Saw - ID 819,CL Cell,small tool,N/A,n/a,,n/a,Good,In,n/a, n/a ,2016,,,,x,,,
BLA,Toilet Partitions Factory,Tooling,"Screwdriver, Insert, 1080-2 - ID 61",CL Cell,small tool,N/A,N/A,,N/A,Good,In ,N/A,,,,,,,,,
BLA,Toilet Partitions Factory,Tooling,"Shaper, Single Spindle, Northfield - ID 155/10892",General,capex,N/A,100892,,N/A,,,,,,,,,,,,
BLA,Toilet Partitions Factory,Tooling,"Scissor Lift, HolzHer Saw - ID 157",HPL Cell,small tool,N/A,N/A,,N/A,Good,In,N/A,,N/A,,,,,,,
BLA,Toilet Partitions Factory,N/A,Solid Cell - ID 1647,n/a,n/a,N/A,n/a,,n/a,n/a,n/a,n/a, n/a ,N/A,,,,,,,This is not a machine/tooling.
BLA,Toilet Partitions Factory,Facilities,Stacker R-19 - ID 181,,small tool,N/A,,,,,,,,,,,,,,,
BLA,Toilet Partitions Factory,Tooling,Step Drill & Stop Phenolic Series Insert  - ID 1563,CL Cell,small tool,N/A,,,,,,,,,,,,,,,
BLA,Toilet Partitions Factory,Tooling,Step Drill 1040 CNC Drilling Machine - ID 1562,HPL Cell,small tool,N/A,,,,,,,,,,,,,,,
BLA,Toilet Partitions Factory,Tooling,Step Drill 1080/1090 CNC Drilling Machine - ID 1561,CL Cell,small tool,N/A,,,,,,,,,,,,,,,
BLA,Toilet Partitions Factory,Machine,Tenoner A 517 Single End  - ID 2063,CL Cell,capex,10337,11672,,2021,Good,In,2024-03, n/a ,2030,,,,,,,
BLA,Toilet Partitions Factory,Machine,TLF Intellistore (Rainbow Stacking System)- TLF211 - ID 1877/11564,General,capex,286220468,11564,,2018,Good,In,2018-12,,2028,,,,,x,,
BLA,Toilet Partitions Factory,N/A,TPF   - ID 1658,n/a,n/a,N/A,n/a,,n/a,Good,n/a,n/a,,n/a,,,,,,,This is not a machine/tooling.
BLA,Toilet Partitions Factory,Tooling,Vacuum Lift (Anderson CNC) - ID 768/10844,CL Cell,small tool,5424,10844,,n/a,Good ,In ,n/a,,2019,,,,x,,,
BLA,Toilet Partitions Factory,Tooling,"Vacuum Lift 1/2"" panels packout - ID 130/1080",CL Cell,small tool,4805,1080,,n/a,Good ,In ,n/a,,2022,,,,x,,,
BLA,Toilet Partitions Factory,Tooling,Vacuum Lift 1080 Line packout - ID 96/10844,CL Cell,small tool,21440,10844,,2007,Good ,In ,2007-03,,2022,,,,x,,,
BLA,Toilet Partitions Factory,Tooling,Vacuum Lift Evolve Cell - ID 2111,CL Cell,small tool,N/A,N/A,,2008,Good,In,2008-04,,2020,,,,x,,,
BLA,Toilet Partitions Factory,Tooling,Vacuum Lift Holz-Her Saw - ID 769/11366,HPL Cell,small tool,40412,11366,,2008,Good,In,2008-04,,2020,,,,x,,,
BLA,Toilet Partitions Factory,Tooling,Vacuum Lift Laminate Pack Out - ID 131/1540,HPL Cell,small tool,21466,1540,,2012,Good,In,2012-10,,2022,,,,x,,,
BLA,Toilet Partitions Factory,Tooling,Vacuum Lift System (Glue Line ) - ID 59/10772,HPL Cell,small tool,21585,10772,,2000,Good,In,2000-02,,2019,,,x,,,,
BLA,Toilet Partitions Factory,Tooling,Taylor Steel Core Press ,CL Cell,capex,PLA79.1634,,,,Good,In,,,,,,,,,,
BLA,Toilet Partitions Factory,Machine,D-ayton Stile Leveling Bar Drilling Machine,HPL Cell,capex,,,,,Good,In ,,,,,,,,,,
BLA,Toilet Partitions Factory,Machine,Vertical Lift Module ,Hardware Cell,capex,,3186,,2024,Excellent,In,2024-10,,2030,,,,,,,
BLA,Toilet Partitions Factory,Tooling,Glue Viscometer ,HPL Cell,small tool,X241754,N/A,,2024,Good,In,2024-10,$600 ,2030,,,,,,,
BLA,Toilet Partitions Factory,Tooling,"Dust Collector, HPL Edge Bander Standalone",HPL Cell,small tool,N/A,N/A,,2024,Good,In,N/A,,,,,,,,,
BLA,Toilet Partitions Factory,Tooling,"Dust Collector, CL Tenoner Standalone",CL Cell,small tool,97869,N/A,,N/A,Good,In,N/A,,N/A,,,,,,,
,,,,,,,,,,,,,,,,,,,,,
,,,,,,,,,,,,,,,,,,,,,
,,,,,,,,,,,,,,,,,,,,,
,,,,,,,,,,,,,,,,,,,,,
,,,,,,,,,,,,,,,,,,,,,
,,,,,,,,,,,,,,,,,,,,,
,,,,,,,,,,,,,,,,,,,,,
,,,,,,,,,,,,,,,,,,,,,
,,,,,,,,,,,,,,,,,,,,,
,,,,,,,,,,,,,,,,,,,,,
,,,,,,,,,,,,,,,,,,,,,
,,,,,,,,,,,,,,,,,,,,,
,,,,,,,,,,,,,,,,,,,,,
,,,,,,,,,,,,,,,,,,,,,
,,,,,,,,,,,,,,,,,,,,,
,,,,,,,,,,,,,,,,,,,,,
,,,,,,,,,,,,,,,,,,,,,
,,,,,,,,,,,,,,,,,,,,,
,,,,,,,,,,,,,,,,,,,,,
,,,,,,,,,,,,,,,,,,,,,
,,,,,,,,,,,,,,,,,,,,,
,,,,,,,,,,,,,,,,,,,,,
,,,,,,,,,,,,,,,,,,,,,
,,,,,,,,,,,,,,,,,,,,,
,,,,,,,,,,,,,,,,,,,,,
,,,,,,,,,,,,,,,,,,,,,
,,,,,,,,,,,,,,,,,,,,,
,,,,,,,,,,,,,,,,,,,,,
,,,,,,,,,,,,,,,,,,,,,
,,,,,,,,,,,,,,,,,,,,,
,,,,,,,,,,,,,,,,,,,,,
,,,,,,,,,,,,,,,,,,,,,
,,,,,,,,,,,,,,,,,,,,,
,,,,,,,,,,,,,,,,,,,,,
,,,,,,,,,,,,,,,,,,,,,
,,,,,,,,,,,,,,,,,,,,,
,,,,,,,,,,,,,,,,,,,,,
,,,,,,,,,,,,,,,,,,,,,
,,,,,,,,,,,,,,,,,,,,,
,,,,,,,,,,,,,,,,,,,,,
,,,,,,,,,,,,,,,,,,,,,
,,,,,,,,,,,,,,,,,,,,,
,,,,,,,,,,,,,,,,,,,,,
,,,,,,,,,,,,,,,,,,,,,
,,,,,,,,,,,,,,,,,,,,,
,,,,,,,,,,,,,,,,,,,,,
,,,,,,,,,,,,,,,,,,,,,
,,,,,,,,,,,,,,,,,,,,,
,,,,,,,,,,,,,,,,,,,,,
,,,,,,,,,,,,,,,,,,,,,
,,,,,,,,,,,,,,,,,,,,,
,,,,,,,,,,,,,,,,,,,,,
,,,,,,,,,,,,,,,,,,,,,
,,,,,,,,,,,,,,,,,,,,,
,,,,,,,,,,,,,,,,,,,,,
,,,,,,,,,,,,,,,,,,,,,
,,,,,,,,,,,,,,,,,,,,,
,,,,,,,,,,,,,,,,,,,,,
,,,,,,,,,,,,,,,,,,,,,
,,,,,,,,,,,,,,,,,,,,,
,,,,,,,,,,,,,,,,,,,,,
,,,,,,,,,,,,,,,,,,,,,
,,,,,,,,,,,,,,,,,,,,,
,,,,,,,,,,,,,,,,,,,,,
,,,,,,,,,,,,,,,,,,,,,
,,,,,,,,,,,,,,,,,,,,,
,,,,,,,,,,,,,,,,,,,,,
,,,,,,,,,,,,,,,,,,,,,
,,,,,,,,,,,,,,,,,,,,,
,,,,,,,,,,,,,,,,,,,,,
,,,,,,,,,,,,,,,,,,,,,
,,,,,,,,,,,,,,,,,,,,,
,,,,,,,,,,,,,,,,,,,,,
,,,,,,,,,,,,,,,,,,,,,
,,,,,,,,,,,,,,,,,,,,,
,,,,,,,,,,,,,,,,,,,,,
,,,,,,,,,,,,,,,,,,,,,
,,,,,,,,,,,,,,,,,,,,,
,,,,,,,,,,,,,,,,,,,,,
,,,,,,,,,,,,,,,,,,,,,
,,,,,,,,,,,,,,,,,,,,,
,,,,,,,,,,,,,,,,,,,,,
,,,,,,,,,,,,,,,,,,,,,
,,,,,,,,,,,,,,,,,,,,,
,,,,,,,,,,,,,,,,,,,,,
,,,,,,,,,,,,,,,,,,,,,
,,,,,,,,,,,,,,,,,,,,,
,,,,,,,,,,,,,,,,,,,,,
,,,,,,,,,,,,,,,,,,,,,
,,,,,,,,,,,,,,,,,,,,,
,,,,,,,,,,,,,,,,,,,,,
,,,,,,,,,,,,,,,,,,,,,
,,,,,,,,,,,,,,,,,,,,,
,,,,,,,,,,,,,,,,,,,,,
,,,,,,,,,,,,,,,,,,,,,
,,,,,,,,,,,,,,,,,,,,,
,,,,,,,,,,,,,,,,,,,,,
,,,,,,,,,,,,,,,,,,,,,
,,,,,,,,,,,,,,,,,,,,,
,,,,,,,,,,,,,,,,,,,,,
,,,,,,,,,,,,,,,,,,,,,
,,,,,,,,,,,,,,,,,,,,,
,,,,,,,,,,,,,,,,,,,,,
,,,,,,,,,,,,,,,,,,,,,
,,,,,,,,,,,,,,,,,,,,,
,,,,,,,,,,,,,,,,,,,,,
,,,,,,,,,,,,,,,,,,,,,
,,,,,,,,,,,,,,,,,,,,,
,,,,,,,,,,,,,,,,,,,,,
,,,,,,,,,,,,,,,,,,,,,
,,,,,,,,,,,,,,,,,,,,,
,,,,,,,,,,,,,,,,,,,,,
,,,,,,,,,,,,,,,,,,,,,
,,,,,,,,,,,,,,,,,,,,,
,,,,,,,,,,,,,,,,,,,,,
,,,,,,,,,,,,,,,,,,,,,
,,,,,,,,,,,,,,,,,,,,,
,,,,,,,,,,,,,,,,,,,,,
,,,,,,,,,,,,,,,,,,,,,
,,,,,,,,,,,,,,,,,,,,,
,,,,,,,,,,,,,,,,,,,,,
,,,,,,,,,,,,,,,,,,,,,
,,,,,,,,,,,,,,,,,,,,,
,,,,,,,,,,,,,,,,,,,,,
,,,,,,,,,,,,,,,,,,,,,
,,,,,,,,,,,,,,,,,,,,,
,,,,,,,,,,,,,,,,,,,,,
,,,,,,,,,,,,,,,,,,,,,
,,,,,,,,,,,,,,,,,,,,,
,,,,,,,,,,,,,,,,,,,,,
,,,,,,,,,,,,,,,,,,,,,
,,,,,,,,,,,,,,,,,,,,,
,,,,,,,,,,,,,,,,,,,,,
,,,,,,,,,,,,,,,,,,,,,
,,,,,,,,,,,,,,,,,,,,,
,,,,,,,,,,,,,,,,,,,,,
,,,,,,,,,,,,,,,,,,,,,
,,,,,,,,,,,,,,,,,,,,,
,,,,,,,,,,,,,,,,,,,,,
,,,,,,,,,,,,,,,,,,,,,
,,,,,,,,,,,,,,,,,,,,,
,,,,,,,,,,,,,,,,,,,,,
,,,,,,,,,,,,,,,,,,,,,
,,,,,,,,,,,,,,,,,,,,,
,,,,,,,,,,,,,,,,,,,,,
,,,,,,,,,,,,,,,,,,,,,
,,,,,,,,,,,,,,,,,,,,,
,,,,,,,,,,,,,,,,,,,,,
,,,,,,,,,,,,,,,,,,,,,
,,,,,,,,,,,,,,,,,,,,,
,,,,,,,,,,,,,,,,,,,,,
,,,,,,,,,,,,,,,,,,,,,
,,,,,,,,,,,,,,,,,,,,,
,,,,,,,,,,,,,,,,,,,,,
,,,,,,,,,,,,,,,,,,,,,
,,,,,,,,,,,,,,,,,,,,,
,,,,,,,,,,,,,,,,,,,,,
,,,,,,,,,,,,,,,,,,,,,
,,,,,,,,,,,,,,,,,,,,,
,,,,,,,,,,,,,,,,,,,,,
,,,,,,,,,,,,,,,,,,,,,
,,,,,,,,,,,,,,,,,,,,,
,,,,,,,,,,,,,,,,,,,,,
,,,,,,,,,,,,,,,,,,,,,
,,,,,,,,,,,,,,,,,,,,,
,,,,,,,,,,,,,,,,,,,,,
,,,,,,,,,,,,,,,,,,,,,
,,,,,,,,,,,,,,,,,,,,,
,,,,,,,,,,,,,,,,,,,,,
,,,,,,,,,,,,,,,,,,,,,
,,,,,,,,,,,,,,,,,,,,,
,,,,,,,,,,,,,,,,,,,,,
,,,,,,,,,,,,,,,,,,,,,
,,,,,,,,,,,,,,,,,,,,,
,,,,,,,,,,,,,,,,,,,,,
,,,,,,,,,,,,,,,,,,,,,
,,,,,,,,,,,,,,,,,,,,,
,,,,,,,,,,,,,,,,,,,,,
,,,,,,,,,,,,,,,,,,,,,
,,,,,,,,,,,,,,,,,,,,,
,,,,,,,,,,,,,,,,,,,,,
,,,,,,,,,,,,,,,,,,,,,
,,,,,,,,,,,,,,,,,,,,,
,,,,,,,,,,,,,,,,,,,,,
,,,,,,,,,,,,,,,,,,,,,
,,,,,,,,,,,,,,,,,,,,,
,,,,,,,,,,,,,,,,,,,,,
,,,,,,,,,,,,,,,,,,,,,
,,,,,,,,,,,,,,,,,,,,,
,,,,,,,,,,,,,,,,,,,,,
,,,,,,,,,,,,,,,,,,,,,
,,,,,,,,,,,,,,,,,,,,,
,,,,,,,,,,,,,,,,,,,,,
,,,,,,,,,,,,,,,,,,,,,
,,,,,,,,,,,,,,,,,,,,,
,,,,,,,,,,,,,,,,,,,,,
,,,,,,,,,,,,,,,,,,,,,
,,,,,,,,,,,,,,,,,,,,,
,,,,,,,,,,,,,,,,,,,,,
,,,,,,,,,,,,,,,,,,,,,
,,,,,,,,,,,,,,,,,,,,,
,,,,,,,,,,,,,,,,,,,,,
,,,,,,,,,,,,,,,,,,,,,
,,,,,,,,,,,,,,,,,,,,,
,,,,,,,,,,,,,,,,,,,,,
,,,,,,,,,,,,,,,,,,,,,
,,,,,,,,,,,,,,,,,,,,,
,,,,,,,,,,,,,,,,,,,,,
,,,,,,,,,,,,,,,,,,,,,
,,,,,,,,,,,,,,,,,,,,,
,,,,,,,,,,,,,,,,,,,,,
,,,,,,,,,,,,,,,,,,,,,
,,,,,,,,,,,,,,,,,,,,,
,,,,,,,,,,,,,,,,,,,,,
,,,,,,,,,,,,,,,,,,,,,
,,,,,,,,,,,,,,,,,,,,,
,,,,,,,,,,,,,,,,,,,,,
,,,,,,,,,,,,,,,,,,,,,
,,,,,,,,,,,,,,,,,,,,,
,,,,,,,,,,,,,,,,,,,,,
,,,,,,,,,,,,,,,,,,,,,
,,,,,,,,,,,,,,,,,,,,,
,,,,,,,,,,,,,,,,,,,,,
,,,,,,,,,,,,,,,,,,,,,
,,,,,,,,,,,,,,,,,,,,,
,,,,,,,,,,,,,,,,,,,,,
,,,,,,,,,,,,,,,,,,,,,
,,,,,,,,,,,,,,,,,,,,,
,,,,,,,,,,,,,,,,,,,,,
,,,,,,,,,,,,,,,,,,,,,
,,,,,,,,,,,,,,,,,,,,,
,,,,,,,,,,,,,,,,,,,,,
,,,,,,,,,,,,,,,,,,,,,
,,,,,,,,,,,,,,,,,,,,,
,,,,,,,,,,,,,,,,,,,,,
,,,,,,,,,,,,,,,,,,,,,
,,,,,,,,,,,,,,,,,,,,,
,,,,,,,,,,,,,,,,,,,,,
,,,,,,,,,,,,,,,,,,,,,
,,,,,,,,,,,,,,,,,,,,,
,,,,,,,,,,,,,,,,,,,,,
,,,,,,,,,,,,,,,,,,,,,
,,,,,,,,,,,,,,,,,,,,,
,,,,,,,,,,,,,,,,,,,,,
,,,,,,,,,,,,,,,,,,,,,
,,,,,,,,,,,,,,,,,,,,,
,,,,,,,,,,,,,,,,,,,,,
,,,,,,,,,,,,,,,,,,,,,
,,,,,,,,,,,,,,,,,,,,,
,,,,,,,,,,,,,,,,,,,,,
,,,,,,,,,,,,,,,,,,,,,
,,,,,,,,,,,,,,,,,,,,,
,,,,,,,,,,,,,,,,,,,,,
,,,,,,,,,,,,,,,,,,,,,
,,,,,,,,,,,,,,,,,,,,,
,,,,,,,,,,,,,,,,,,,,,
,,,,,,,,,,,,,,,,,,,,,
,,,,,,,,,,,,,,,,,,,,,
,,,,,,,,,,,,,,,,,,,,,
,,,,,,,,,,,,,,,,,,,,,
,,,,,,,,,,,,,,,,,,,,,
,,,,,,,,,,,,,,,,,,,,,
,,,,,,,,,,,,,,,,,,,,,
,,,,,,,,,,,,,,,,,,,,,
,,,,,,,,,,,,,,,,,,,,,
,,,,,,,,,,,,,,,,,,,,,
,,,,,,,,,,,,,,,,,,,,,
,,,,,,,,,,,,,,,,,,,,,
,,,,,,,,,,,,,,,,,,,,,
,,,,,,,,,,,,,,,,,,,,,
,,,,,,,,,,,,,,,,,,,,,
,,,,,,,,,,,,,,,,,,,,,
,,,,,,,,,,,,,,,,,,,,,
,,,,,,,,,,,,,,,,,,,,,
,,,,,,,,,,,,,,,,,,,,,
,,,,,,,,,,,,,,,,,,,,,
,,,,,,,,,,,,,,,,,,,,,
,,,,,,,,,,,,,,,,,,,,,
,,,,,,,,,,,,,,,,,,,,,
,,,,,,,,,,,,,,,,,,,,,
,,,,,,,,,,,,,,,,,,,,,
,,,,,,,,,,,,,,,,,,,,,
,,,,,,,,,,,,,,,,,,,,,
,,,,,,,,,,,,,,,,,,,,,
,,,,,,,,,,,,,,,,,,,,,
,,,,,,,,,,,,,,,,,,,,,
,,,,,,,,,,,,,,,,,,,,,
,,,,,,,,,,,,,,,,,,,,,
,,,,,,,,,,,,,,,,,,,,,
,,,,,,,,,,,,,,,,,,,,,
,,,,,,,,,,,,,,,,,,,,,
,,,,,,,,,,,,,,,,,,,,,
,,,,,,,,,,,,,,,,,,,,,
,,,,,,,,,,,,,,,,,,,,,
,,,,,,,,,,,,,,,,,,,,,
,,,,,,,,,,,,,,,,,,,,,
